ID,x,y,z,radiusThroughRegressionWith3Nodes,radiusThroughRegressionWith5Nodes,radiusThroughRegressionWith7Nodes,radiusThroughRegressionWith9Nodes,radiusThroughRegressionWith11Nodes,radiusThroughRegressionWith13Nodes
1021098276,606981.2573699041,5.749732569917137e6,0.0,0.0,0.0,0.0,0.0,0.0,0.0
10250000897,606960.0108869721,5.749755803912295e6,0.0,Inf,0.0,0.0,0.0,0.0,0.0
3354852793,606942.6488802328,5.749774781698734e6,0.0,Inf,Inf,0.0,0.0,0.0,0.0
3919572408,606941.0981565175,5.749776473154839e6,0.0,Inf,Inf,Inf,0.0,0.0,0.0
9231304892,606852.7119287981,5.74987273123486e6,0.0,Inf,Inf,Inf,Inf,0.0,0.0
9231304891,606842.3755346074,5.749884159885926e6,0.0,Inf,Inf,Inf,Inf,Inf,0.0
1021098275,606828.5746391157,5.749901800963454e6,0.0,Inf,Inf,Inf,Inf,Inf,Inf
1400131758,606811.5478123955,5.749926416158855e6,0.0,Inf,Inf,Inf,Inf,Inf,Inf
1021098245,606799.8129505977,5.749944679917801e6,0.0,Inf,Inf,Inf,Inf,Inf,Inf
10813104078,606749.1766125448,5.750011959836285e6,0.0,Inf,Inf,Inf,Inf,Inf,Inf
1400131767,606744.4093323249,5.750018255797926e6,0.0,Inf,Inf,Inf,Inf,Inf,Inf
1400131781,606736.9196038394,5.750027931742068e6,0.0,Inf,Inf,Inf,Inf,Inf,Inf
10250046525,606695.1502987322,5.750082350107624e6,0.0,Inf,Inf,Inf,Inf,Inf,Inf
9850427203,606671.011642663,5.750113189568396e6,0.0,Inf,Inf,Inf,Inf,Inf,Inf
1400131799,606630.0823670836,5.750165078433332e6,0.0,Inf,Inf,Inf,Inf,Inf,Inf
1400131802,606600.5483725931,5.750203313522018e6,0.0,Inf,Inf,Inf,Inf,Inf,Inf
1400131808,606576.4945456735,5.750237014629751e6,0.0,Inf,Inf,Inf,Inf,Inf,Inf
9850427202,606555.959288691,5.750267452842422e6,0.0,Inf,Inf,Inf,Inf,Inf,Inf
1400131811,606552.0233834857,5.750273521882279e6,0.0,Inf,Inf,Inf,Inf,Inf,Inf
1400131816,606526.3119508487,5.750321106763788e6,0.0,Inf,Inf,Inf,Inf,Inf,Inf
1400131821,606486.9898909531,5.750391121997269e6,0.0,Inf,Inf,Inf,Inf,Inf,Inf
7376818681,606459.4735548706,5.750435264219531e6,0.0,Inf,Inf,Inf,Inf,Inf,Inf
9850427196,606454.98329632,5.750445727500078e6,0.0,Inf,Inf,Inf,Inf,Inf,Inf
243531130,606417.9462765892,5.750532047080819e6,0.0,Inf,Inf,Inf,Inf,Inf,Inf
1400131825,606396.8620100252,5.750578384604969e6,0.0,Inf,Inf,Inf,Inf,Inf,Inf
7376818682,606386.4503026752,5.750603197272783e6,0.0,Inf,Inf,Inf,Inf,Inf,Inf
7376835693,606362.6203896982,5.750668646950522e6,0.0,Inf,Inf,Inf,Inf,Inf,Inf
7376818655,606344.169811968,5.750721315742214e6,0.0,Inf,Inf,Inf,Inf,Inf,Inf
305873594,606328.192729349,5.750770320972143e6,0.0,Inf,Inf,Inf,Inf,Inf,Inf
7376818654,606315.7954418036,5.750810234294015e6,0.0,Inf,Inf,Inf,Inf,Inf,Inf
9850427194,606313.3810582215,5.750819562380632e6,0.0,Inf,Inf,Inf,Inf,Inf,Inf
3929671388,606294.4883772153,5.7508924603962395e6,0.0,Inf,Inf,Inf,Inf,Inf,Inf
7376818648,606278.839590879,5.750953934006962e6,0.0,Inf,Inf,Inf,Inf,Inf,Inf
7376818649,606268.3750864982,5.750997838225091e6,0.0,Inf,Inf,Inf,Inf,Inf,Inf
7376818646,606260.3585126506,5.751037644350165e6,0.0,Inf,Inf,Inf,Inf,Inf,Inf
4833303447,606254.2127603476,5.751068433499988e6,0.0,Inf,Inf,Inf,Inf,Inf,Inf
305873595,606251.5668159424,5.751081873371348e6,0.0,Inf,Inf,Inf,Inf,Inf,Inf
386591982,606230.0722965618,5.751227214330717e6,0.0,Inf,Inf,Inf,Inf,Inf,Inf
2591189633,606229.4876778175,5.751232386711381e6,0.0,Inf,Inf,Inf,Inf,Inf,Inf
9850427179,606224.1011833586,5.751313382027897e6,0.0,Inf,Inf,Inf,Inf,Inf,Inf
1400131837,606221.9264464297,5.751346146893086e6,0.0,Inf,Inf,Inf,Inf,Inf,Inf
9850427177,606220.8181912426,5.751362378680363e6,0.0,Inf,Inf,Inf,Inf,Inf,Inf
1400131839,606217.5249401921,5.75141056291069e6,0.0,Inf,Inf,Inf,Inf,Inf,Inf
1898383811,606216.5988578353,5.751472716163515e6,0.0,Inf,Inf,Inf,Inf,Inf,Inf
243531132,606216.26588211,5.751489387192433e6,0.0,Inf,Inf,Inf,Inf,Inf,Inf
1400131843,606219.0096525965,5.75159460973235e6,0.0,Inf,Inf,Inf,Inf,Inf,Inf
243531133,606222.859704081,5.751683033026964e6,0.0,Inf,Inf,Inf,Inf,Inf,Inf
1400131856,606229.2784822524,5.751768117364369e6,0.0,Inf,Inf,Inf,Inf,Inf,Inf
9850427178,606233.5712569777,5.751808407231844e6,0.0,Inf,Inf,Inf,Inf,Inf,Inf
305873596,606234.0817603688,5.751813213435348e6,0.0,Inf,Inf,Inf,Inf,Inf,Inf
1400131857,606284.4282521921,5.752130275982362e6,0.0,Inf,Inf,Inf,Inf,Inf,Inf
9850427175,606311.1815104808,5.752302409505444e6,0.0,Inf,Inf,Inf,Inf,Inf,Inf
1400159730,606322.8721331565,5.752377592536886e6,0.0,Inf,Inf,Inf,Inf,Inf,Inf
9850427174,606390.4963706217,5.752795326401795e6,0.0,Inf,Inf,Inf,Inf,Inf,Inf
1400159732,606400.1781677468,5.752855157425769e6,0.0,Inf,Inf,Inf,Inf,Inf,Inf
6193098889,606406.8760106497,5.752897401299931e6,0.0,Inf,Inf,Inf,Inf,Inf,Inf
9850427168,606468.1440476984,5.753289433909069e6,0.0,Inf,Inf,Inf,Inf,Inf,Inf
9850427167,606506.2060371256,5.75353301756255e6,0.0,Inf,Inf,Inf,Inf,Inf,Inf
9850427166,606545.29856954,5.753783243772189e6,0.0,Inf,Inf,Inf,Inf,Inf,Inf
2834577011,606577.1112510501,5.753986852355015e6,0.0,Inf,Inf,Inf,Inf,Inf,Inf
9850427164,606607.2638079636,5.754179778125341e6,0.0,Inf,Inf,Inf,Inf,Inf,Inf
9850427163,606622.5712902149,5.754277770352655e6,0.0,Inf,Inf,Inf,Inf,Inf,Inf
1400159733,606658.2080152336,5.754505883427073e6,0.0,Inf,Inf,Inf,Inf,Inf,Inf
2329649631,606688.6159051897,5.754697135451676e6,0.0,Inf,Inf,Inf,Inf,Inf,Inf
9850427162,606700.2883442829,5.754770940009985e6,0.0,Inf,Inf,Inf,Inf,Inf,Inf
9850427160,606779.9394771191,5.755274467142961e6,0.0,Inf,Inf,Inf,Inf,Inf,Inf
699778886,606781.5935756644,5.755284927764033e6,0.0,Inf,Inf,Inf,Inf,Inf,Inf
9850427159,606856.0976994602,5.755757794447998e6,0.0,Inf,Inf,Inf,Inf,Inf,Inf
1400159735,606881.6373177724,5.75591990494516e6,0.0,Inf,Inf,Inf,Inf,Inf,Inf
297346827,606917.8257092,5.756159838086768e6,0.0,Inf,Inf,Inf,Inf,Inf,Inf
3919573359,606934.3618898707,5.756267226621672e6,0.0,Inf,Inf,Inf,Inf,Inf,Inf
1400159741,606950.0304661884,5.756370457714222e6,0.0,Inf,Inf,Inf,Inf,Inf,Inf
1400159743,606974.2263618584,5.7565185545608895e6,0.0,Inf,Inf,Inf,Inf,Inf,Inf
1400159744,606984.4585993101,5.756575984947049e6,0.0,Inf,Inf,Inf,Inf,Inf,Inf
1400159746,606992.5867259138,5.756621209287707e6,0.0,Inf,Inf,Inf,Inf,Inf,Inf
2138978789,607000.4489942658,5.756652186293072e6,0.0,Inf,Inf,Inf,Inf,Inf,Inf
1400159749,607011.7889751807,5.756689312721871e6,0.0,Inf,Inf,Inf,Inf,Inf,Inf
3919573368,607030.0524294045,5.756739905602299e6,0.0,Inf,Inf,Inf,Inf,Inf,Inf
1400159752,607039.8720482714,5.756763892772935e6,0.0,Inf,Inf,Inf,Inf,Inf,Inf
1400159755,607065.1356088412,5.756819208618731e6,0.0,Inf,Inf,Inf,Inf,Inf,Inf
9850423166,607075.0980192324,5.75684100704791e6,0.0,Inf,Inf,Inf,Inf,Inf,Inf
9850423165,607075.6364931053,5.756842186844863e6,0.0,Inf,Inf,Inf,Inf,Inf,Inf
299024844,607083.3200839394,5.756858996398821e6,0.0,Inf,Inf,Inf,Inf,Inf,Inf
243531154,607128.9328454976,5.756938981697302e6,0.0,Inf,Inf,Inf,Inf,Inf,Inf
995443042,607166.3874558287,5.756998275620863e6,0.0,Inf,Inf,Inf,Inf,Inf,Inf
1400159766,607198.1435678757,5.757043395098174e6,0.0,Inf,Inf,Inf,Inf,Inf,Inf
1400159767,607207.8643511895,5.757055575508131e6,0.0,Inf,Inf,Inf,Inf,Inf,Inf
1400159768,607215.9895046075,5.757064261424899e6,0.0,Inf,Inf,Inf,Inf,Inf,Inf
6432136937,607236.346091079,5.757089220541601e6,0.0,Inf,Inf,Inf,Inf,Inf,Inf
6432136939,607256.795749504,5.757116240117441e6,0.0,Inf,Inf,Inf,Inf,Inf,Inf
1400159769,607270.2999732513,5.75713181749555e6,0.0,Inf,Inf,Inf,Inf,Inf,Inf
995417882,607272.0360369098,5.757133568209149e6,0.0,Inf,Inf,Inf,Inf,Inf,Inf
995417880,607291.1660257945,5.757151591793151e6,0.0,Inf,Inf,Inf,Inf,Inf,Inf
4010534120,607308.6040898915,5.757166764168182e6,0.0,Inf,Inf,Inf,Inf,Inf,Inf
5251275430,607319.9651755694,5.75717616506941e6,0.0,Inf,Inf,Inf,Inf,Inf,Inf
1400159771,607346.6658706663,5.757198245658617e6,0.0,Inf,Inf,Inf,Inf,Inf,Inf
9844117759,607379.0300005017,5.757221327048521e6,0.0,Inf,Inf,Inf,Inf,Inf,Inf
995417878,607381.1695459768,5.757222852817763e6,0.0,Inf,Inf,Inf,Inf,Inf,Inf
995417877,607429.16487842,5.757251733429642e6,0.0,Inf,Inf,Inf,Inf,Inf,Inf
995417873,607458.4159052228,5.75726482374503e6,0.0,Inf,Inf,Inf,Inf,Inf,Inf
995417872,607484.8913347753,5.757275273232952e6,0.0,Inf,Inf,Inf,Inf,Inf,Inf
995417869,607514.4409368885,5.757283419080065e6,0.0,Inf,Inf,Inf,Inf,Inf,Inf
995417868,607543.6156098543,5.757290455528566e6,0.0,Inf,Inf,Inf,Inf,Inf,Inf
995417865,607577.0489686087,5.757297327905323e6,0.0,Inf,Inf,Inf,Inf,Inf,Inf
995417860,607615.9900972936,5.757303173082026e6,0.0,Inf,Inf,Inf,Inf,Inf,Inf
1400159780,607633.9506268065,5.757304550080679e6,0.0,Inf,Inf,Inf,Inf,Inf,Inf
995417858,607663.9290435024,5.757305218016556e6,0.0,Inf,Inf,Inf,Inf,Inf,Inf
995417856,607677.469945804,5.757304652992931e6,0.0,Inf,Inf,Inf,Inf,Inf,Inf
1400159777,607698.3285542717,5.757301697745293e6,0.0,Inf,Inf,Inf,Inf,Inf,Inf
357161800,607722.2260879785,5.75729521426318e6,0.0,Inf,Inf,Inf,Inf,Inf,Inf
6432136963,607736.6468753706,5.757289550232338e6,0.0,Inf,Inf,Inf,Inf,Inf,Inf
380359403,607748.9405026392,5.757283706867499e6,0.0,Inf,Inf,Inf,Inf,Inf,Inf
357161803,607773.677582867,5.757271133346502e6,0.0,Inf,Inf,Inf,Inf,Inf,Inf
357161805,607802.2632495651,5.7572528794888845e6,0.0,Inf,Inf,Inf,Inf,Inf,Inf
357161806,607817.8430320894,5.757242256066786e6,0.0,Inf,Inf,Inf,Inf,Inf,Inf
1400215040,607831.5931836225,5.7572326390971625e6,0.0,Inf,Inf,Inf,Inf,Inf,Inf
357161809,607871.0257279256,5.757202669911766e6,0.0,Inf,Inf,Inf,Inf,Inf,Inf
6432136961,607891.0696007444,5.757187803765388e6,0.0,Inf,Inf,Inf,Inf,Inf,Inf
357161810,607911.8821672804,5.757172364593327e6,0.0,Inf,Inf,Inf,Inf,Inf,Inf
357161812,607963.0269156366,5.757139355570184e6,0.0,Inf,Inf,Inf,Inf,Inf,Inf
357169264,608007.4234508825,5.757112298484858e6,0.0,Inf,Inf,Inf,Inf,Inf,Inf
357169265,608041.8524738308,5.757092225091404e6,0.0,Inf,Inf,Inf,Inf,Inf,Inf
357169266,608064.7554097165,5.757080303146374e6,0.0,Inf,Inf,Inf,Inf,Inf,Inf
6432136946,608092.6185103799,5.757066953123259e6,0.0,Inf,Inf,Inf,Inf,Inf,Inf
6432136947,608122.5367545706,5.75705458232259e6,0.0,Inf,Inf,Inf,Inf,Inf,Inf
357169268,608155.8219898514,5.757042929880274e6,0.0,Inf,Inf,Inf,Inf,Inf,Inf
9723494278,608217.9470042633,5.757022388883357e6,0.0,Inf,Inf,Inf,Inf,Inf,Inf
357169269,608266.0366381647,5.757006495871088e6,0.0,Inf,Inf,Inf,Inf,Inf,Inf
9723494274,608286.1987234076,5.756999911851942e6,0.0,Inf,Inf,Inf,Inf,Inf,Inf
357169271,608297.1382505158,5.756996343622018e6,0.0,Inf,Inf,Inf,Inf,Inf,Inf
6432136954,608337.8197224366,5.756981926368032e6,0.0,Inf,Inf,Inf,Inf,Inf,Inf
4304467388,608370.5458838692,5.756970107434407e6,0.0,Inf,Inf,Inf,Inf,Inf,Inf
357169273,608383.7465569022,5.756965308874756e6,0.0,Inf,Inf,Inf,Inf,Inf,Inf
6432136957,608418.9910386403,5.756948015026577e6,0.0,Inf,Inf,Inf,Inf,Inf,Inf
357169275,608448.4485670167,5.756932554113688e6,0.0,Inf,Inf,Inf,Inf,Inf,Inf
357169276,608494.8268582226,5.756907213166314e6,0.0,Inf,Inf,Inf,Inf,Inf,Inf
9723494267,608644.9461262474,5.756825089470343e6,0.0,Inf,Inf,Inf,Inf,Inf,Inf
357169281,608794.1727859778,5.756743462507643e6,0.0,Inf,Inf,Inf,Inf,Inf,Inf
1400214957,608842.1577155788,5.756717124871943e6,0.0,Inf,Inf,Inf,Inf,Inf,Inf
1400214952,608888.3201832937,5.756692728490724e6,0.0,Inf,Inf,Inf,Inf,Inf,Inf
1400214950,608917.4977442801,5.756680791229317e6,0.0,Inf,Inf,Inf,Inf,Inf,Inf
1400214948,608948.3495954543,5.756670904510059e6,0.0,Inf,Inf,Inf,Inf,Inf,Inf
1400214944,608985.1456997808,5.756663995936765e6,0.0,Inf,Inf,Inf,Inf,Inf,Inf
9723494264,609008.5539073527,5.756662525805772e6,0.0,Inf,Inf,Inf,Inf,Inf,Inf
1400214940,609022.4128577416,5.756661659751314e6,0.0,Inf,Inf,Inf,Inf,Inf,Inf
1400214941,609051.0224346956,5.75666286234078e6,0.0,Inf,Inf,Inf,Inf,Inf,Inf
1400214946,609100.7956895897,5.756672193063436e6,0.0,Inf,Inf,Inf,Inf,Inf,Inf
1400214949,609134.5787193397,5.7566852140863305e6,0.0,Inf,Inf,Inf,Inf,Inf,Inf
1400214954,609164.2935744163,5.756701284169393e6,0.0,Inf,Inf,Inf,Inf,Inf,Inf
1400214956,609195.9331731042,5.756720823432577e6,0.0,Inf,Inf,Inf,Inf,Inf,Inf
1400214959,609237.4175039,5.756754853292328e6,0.0,Inf,Inf,Inf,Inf,Inf,Inf
1400214961,609268.0711545217,5.756793364390851e6,0.0,Inf,Inf,Inf,Inf,Inf,Inf
1400214974,609293.3185068321,5.756833537727914e6,0.0,Inf,Inf,Inf,Inf,Inf,Inf
2025760178,609309.7451156218,5.756864261079345e6,0.0,Inf,Inf,Inf,Inf,Inf,Inf
2025760183,609313.9009651453,5.75687605702062e6,0.0,Inf,Inf,Inf,Inf,Inf,Inf
1400214984,609321.2746502646,5.756904813344356e6,0.0,Inf,Inf,Inf,Inf,Inf,Inf
1400214986,609327.1979433243,5.756930411418229e6,0.0,Inf,Inf,Inf,Inf,Inf,Inf
1400214997,609333.249520868,5.756987544775845e6,0.0,Inf,Inf,Inf,Inf,Inf,Inf
1400215002,609331.8109272724,5.757045771605806e6,0.0,Inf,Inf,Inf,Inf,Inf,Inf
1400215006,609327.7827177397,5.757079697176434e6,0.0,Inf,Inf,Inf,Inf,Inf,Inf
1400215016,609322.6005707349,5.757109491836795e6,0.0,Inf,Inf,Inf,Inf,Inf,Inf
1400215026,609314.5724955762,5.757144309065667e6,0.0,Inf,Inf,Inf,Inf,Inf,Inf
1400215028,609305.5048635197,5.757174797620028e6,0.0,Inf,Inf,Inf,Inf,Inf,Inf
1400215032,609293.3005996052,5.757205373371215e6,0.0,Inf,Inf,Inf,Inf,Inf,Inf
9723494257,609283.9757811342,5.75722499688201e6,0.0,Inf,Inf,Inf,Inf,Inf,Inf
1400215038,609278.1460261906,5.757237264327614e6,0.0,Inf,Inf,Inf,Inf,Inf,Inf
1400215041,609255.2546588051,5.757283450631817e6,0.0,Inf,Inf,Inf,Inf,Inf,Inf
1400215042,609231.7709612425,5.757318697873934e6,0.0,Inf,Inf,Inf,Inf,Inf,Inf
1400215045,609221.4288044956,5.757332046169914e6,0.0,Inf,Inf,Inf,Inf,Inf,Inf
1400215049,609201.6401806028,5.757354567706268e6,0.0,Inf,Inf,Inf,Inf,Inf,Inf
1400215055,609175.3076337071,5.757380851760751e6,0.0,Inf,Inf,Inf,Inf,Inf,Inf
9723494254,609134.5096089831,5.757412272029513e6,0.0,Inf,Inf,Inf,Inf,Inf,Inf
1400215057,609131.3421442658,5.757414717449775e6,0.0,Inf,Inf,Inf,Inf,Inf,Inf
1400215059,609077.3533473879,5.757448954440603e6,0.0,Inf,Inf,Inf,Inf,Inf,Inf
1400215061,608881.8103551194,5.757555187441131e6,0.0,Inf,Inf,Inf,Inf,Inf,Inf
1400215065,608824.1570327121,5.757586765883732e6,0.0,Inf,Inf,Inf,Inf,Inf,Inf
9723494250,608785.2953355021,5.757608361872479e6,0.0,Inf,Inf,Inf,Inf,Inf,Inf
1965177336,608752.1815704311,5.757626756420921e6,0.0,Inf,Inf,Inf,Inf,Inf,Inf
1965177351,608737.0741709925,5.757634894919879e6,0.0,Inf,Inf,Inf,Inf,Inf,Inf
1400232421,608709.158983112,5.757650376461893e6,0.0,Inf,Inf,Inf,Inf,Inf,Inf
1400232423,608678.7463379323,5.757666916486741e6,0.0,Inf,Inf,Inf,Inf,Inf,Inf
1400232429,608624.7765987056,5.757698655136854e6,0.0,Inf,Inf,Inf,Inf,Inf,Inf
9723494248,608609.3906569463,5.757709825472782e6,0.0,Inf,Inf,Inf,Inf,Inf,Inf
9286536229,608604.0898105599,5.757713671285569e6,0.0,Inf,Inf,Inf,Inf,Inf,Inf
1400232432,608584.6408608684,5.757730249861283e6,0.0,Inf,Inf,Inf,Inf,Inf,Inf
1400232435,608566.0133516869,5.757749839367337e6,0.0,Inf,Inf,Inf,Inf,Inf,Inf
1400232438,608543.5534785676,5.757773718387643e6,0.0,Inf,Inf,Inf,Inf,Inf,Inf
1400232443,608506.8322016156,5.757820642215972e6,0.0,Inf,Inf,Inf,Inf,Inf,Inf
1400232446,608488.5350734375,5.757851955305052e6,0.0,Inf,Inf,Inf,Inf,Inf,Inf
1400232449,608475.6303813953,5.757881850060646e6,0.0,Inf,Inf,Inf,Inf,Inf,Inf
1400232451,608462.5846219193,5.757918250750057e6,0.0,Inf,Inf,Inf,Inf,Inf,Inf
1400232455,608452.7575426528,5.757965024406855e6,0.0,Inf,Inf,Inf,Inf,Inf,Inf
9723494245,608448.3430376659,5.758006908649675e6,0.0,Inf,Inf,Inf,Inf,Inf,Inf
1400232456,608447.4522109593,5.758015334283072e6,0.0,Inf,Inf,Inf,Inf,Inf,Inf
1400232457,608449.3311908807,5.758070005880815e6,0.0,Inf,Inf,Inf,Inf,Inf,Inf
1400232459,608457.003187037,5.758122511176635e6,0.0,Inf,Inf,Inf,Inf,Inf,Inf
1400232460,608472.1210054862,5.758184724619378e6,0.0,Inf,Inf,Inf,Inf,Inf,Inf
1400232462,608485.05155689,5.758241928241829e6,0.0,Inf,Inf,Inf,Inf,Inf,Inf
1400232463,608498.8935724928,5.758292275561226e6,0.0,Inf,Inf,Inf,Inf,Inf,Inf
9723494240,608536.7995613196,5.758450104212384e6,0.0,Inf,Inf,Inf,Inf,Inf,Inf
9723494238,608582.9968335454,5.758642460858909e6,0.0,Inf,Inf,Inf,Inf,Inf,Inf
1400232465,608588.4485923453,5.7586651438176045e6,0.0,Inf,Inf,Inf,Inf,Inf,Inf
9723494235,608631.3985573545,5.758835656034485e6,0.0,Inf,Inf,Inf,Inf,Inf,Inf
1400232473,608642.722153483,5.758880619567293e6,0.0,Inf,Inf,Inf,Inf,Inf,Inf
9723494233,608677.4851461564,5.759036523277488e6,0.0,Inf,Inf,Inf,Inf,Inf,Inf
1400232475,608690.4958273326,5.759094864316388e6,0.0,Inf,Inf,Inf,Inf,Inf,Inf
9723494231,608723.1039268331,5.759224596631039e6,0.0,Inf,Inf,Inf,Inf,Inf,Inf
1400232478,608757.0946965839,5.759359855837583e6,0.0,Inf,Inf,Inf,Inf,Inf,Inf
9723494230,608771.4983872743,5.7594181941342205e6,0.0,Inf,Inf,Inf,Inf,Inf,Inf
1400232483,608798.8015848284,5.759528796450608e6,0.0,Inf,Inf,Inf,Inf,Inf,Inf
9723494226,608815.2510669491,5.759609877544788e6,0.0,Inf,Inf,Inf,Inf,Inf,Inf
1400232492,608830.0556477687,5.759682856165549e6,0.0,Inf,Inf,Inf,Inf,Inf,Inf
1400232497,608843.5274736247,5.759767466381925e6,0.0,Inf,Inf,Inf,Inf,Inf,Inf
9723494228,608847.2243709427,5.759808436854766e6,0.0,Inf,Inf,Inf,Inf,Inf,Inf
1400232500,608850.9327423192,5.759849507723929e6,0.0,Inf,Inf,Inf,Inf,Inf,Inf
1400232509,608851.3713123035,5.7599277366163e6,0.0,Inf,Inf,Inf,Inf,Inf,Inf
1400232510,608848.3955648597,5.759993963479979e6,0.0,Inf,Inf,Inf,Inf,Inf,Inf
9723494224,608847.1633434049,5.760007310682882e6,0.0,Inf,Inf,Inf,Inf,Inf,Inf
1400232513,608842.3768634187,5.7600592116501e6,0.0,Inf,Inf,Inf,Inf,Inf,Inf
1400232518,608834.3728342919,5.760103331824822e6,0.0,Inf,Inf,Inf,Inf,Inf,Inf
1400232525,608820.7175808888,5.760167801627135e6,0.0,Inf,Inf,Inf,Inf,Inf,Inf
9723494222,608812.3184557292,5.760203267925138e6,0.0,Inf,Inf,Inf,Inf,Inf,Inf
1400232527,608807.8999127604,5.760221908680622e6,0.0,Inf,Inf,Inf,Inf,Inf,Inf
1400232530,608795.3621201165,5.760263181869805e6,0.0,Inf,Inf,Inf,Inf,Inf,Inf
1400232531,608775.2042033,5.760316806399315e6,0.0,Inf,Inf,Inf,Inf,Inf,Inf
1400232538,608747.7483030288,5.760381888119993e6,0.0,Inf,Inf,Inf,Inf,Inf,Inf
9723494220,608743.23054876,5.760391536546252e6,0.0,Inf,Inf,Inf,Inf,Inf,Inf
1400232540,608726.2327507354,5.7604278615974225e6,0.0,Inf,Inf,Inf,Inf,Inf,Inf
1400232543,608687.9728520798,5.760496980934609e6,0.0,Inf,Inf,Inf,Inf,Inf,Inf
1400232546,608645.8044576354,5.760562966821526e6,0.0,Inf,Inf,Inf,Inf,Inf,Inf
9723494217,608642.7442978664,5.760566894645843e6,0.0,Inf,Inf,Inf,Inf,Inf,Inf
1400232550,608613.040667407,5.7606050131098e6,0.0,Inf,Inf,Inf,Inf,Inf,Inf
1400232552,608567.0310533255,5.760664496054434e6,0.0,Inf,Inf,Inf,Inf,Inf,Inf
1400232555,608518.6244549283,5.760721791001365e6,0.0,Inf,Inf,Inf,Inf,Inf,Inf
9723494215,608391.4497970095,5.760878838056308e6,0.0,Inf,Inf,Inf,Inf,Inf,Inf
9723494212,608266.1607065644,5.761033559063857e6,0.0,Inf,Inf,Inf,Inf,Inf,Inf
9723494210,608139.6157743288,5.761189846862854e6,0.0,Inf,Inf,Inf,Inf,Inf,Inf
9723494207,608015.6195233171,5.761342988362381e6,0.0,Inf,Inf,Inf,Inf,Inf,Inf
1400232558,607902.2376827039,5.761483021539941e6,0.0,Inf,Inf,Inf,Inf,Inf,Inf
9723494206,607888.5094795938,5.761501350476769e6,0.0,Inf,Inf,Inf,Inf,Inf,Inf
9723494203,607768.9695695715,5.761660980560163e6,0.0,Inf,Inf,Inf,Inf,Inf,Inf
9723494202,607648.8150011539,5.761821434507785e6,0.0,Inf,Inf,Inf,Inf,Inf,Inf
1400232564,607631.9558266734,5.761843946865141e6,0.0,Inf,Inf,Inf,Inf,Inf,Inf
1400232566,607581.3149468815,5.761910959943502e6,0.0,Inf,Inf,Inf,Inf,Inf,Inf
9723494199,607497.133843198,5.76202158977794e6,0.0,Inf,Inf,Inf,Inf,Inf,Inf
9723494197,607407.6344361042,5.762139216243797e6,0.0,Inf,Inf,Inf,Inf,Inf,Inf
9723494195,607316.4786640293,5.762259011602111e6,0.0,Inf,Inf,Inf,Inf,Inf,Inf
9723494194,607195.0312401098,5.762418635592775e6,0.0,Inf,Inf,Inf,Inf,Inf,Inf
1400232568,607161.0684873235,5.762463268514308e6,0.0,Inf,Inf,Inf,Inf,Inf,Inf
9723494191,607072.9715035077,5.762579628847795e6,0.0,Inf,Inf,Inf,Inf,Inf,Inf
9723494189,606932.540437814,5.7627651319880495e6,0.0,Inf,Inf,Inf,Inf,Inf,Inf
1400253959,606894.8321082507,5.762814937971777e6,0.0,Inf,Inf,Inf,Inf,Inf,Inf
9723494185,606574.9818955316,5.76323304543542e6,0.0,Inf,Inf,Inf,Inf,Inf,Inf
9723494176,606558.8883108324,5.763254231200866e6,0.0,Inf,Inf,Inf,Inf,Inf,Inf
8715235776,606549.0048234706,5.763267238239951e6,0.0,Inf,Inf,Inf,Inf,Inf,Inf
9723494183,606529.0573524939,5.763294316651234e6,0.0,Inf,Inf,Inf,Inf,Inf,Inf
8715235774,606512.801270304,5.763316378068486e6,0.0,Inf,Inf,Inf,Inf,Inf,Inf
9723494179,606499.3664011606,5.763335584652443e6,0.0,Inf,Inf,Inf,Inf,Inf,Inf
1400253962,606493.9060958079,5.763343390067247e6,0.0,Inf,Inf,Inf,Inf,Inf,Inf
8715235778,606465.7353048625,5.763387127384923e6,0.0,Inf,Inf,Inf,Inf,Inf,Inf
9723494172,606446.4017984293,5.763419582122405e6,0.0,Inf,Inf,Inf,Inf,Inf,Inf
1400253964,606436.7527673859,5.763435787642041e6,0.0,Inf,Inf,Inf,Inf,Inf,Inf
1400253966,606408.3101028627,5.763488453940962e6,0.0,Inf,Inf,Inf,Inf,Inf,Inf
1400253970,606381.654491656,5.7635442738867905e6,0.0,Inf,Inf,Inf,Inf,Inf,Inf
8715235808,606365.1136811415,5.7635826520750625e6,0.0,Inf,Inf,Inf,Inf,Inf,Inf
9723494170,606358.778391832,5.763598349823919e6,0.0,Inf,Inf,Inf,Inf,Inf,Inf
1400253973,606349.7324051087,5.763620754622829e6,0.0,Inf,Inf,Inf,Inf,Inf,Inf
8715235806,606332.8152083552,5.76366811499738e6,0.0,Inf,Inf,Inf,Inf,Inf,Inf
1400253976,606316.6900719128,5.763715692580295e6,0.0,Inf,Inf,Inf,Inf,Inf,Inf
1400253979,606301.9180477314,5.76376937405195e6,0.0,Inf,Inf,Inf,Inf,Inf,Inf
9723494167,606297.1058874433,5.763791257221401e6,0.0,Inf,Inf,Inf,Inf,Inf,Inf
1400253985,606284.3688526022,5.763849332524e6,0.0,Inf,Inf,Inf,Inf,Inf,Inf
8715235803,606280.1563739076,5.763873042087237e6,0.0,Inf,Inf,Inf,Inf,Inf,Inf
1400253987,606276.4268705891,5.763896962220194e6,0.0,Inf,Inf,Inf,Inf,Inf,Inf
1400253988,606268.3557136604,5.763955493030102e6,0.0,Inf,Inf,Inf,Inf,Inf,Inf
9723494160,606265.4229898736,5.763987452270461e6,0.0,Inf,Inf,Inf,Inf,Inf,Inf
1400253991,606262.6678141389,5.764017523810837e6,0.0,Inf,Inf,Inf,Inf,Inf,Inf
1400253992,606260.6899454619,5.764070398749447e6,0.0,Inf,Inf,Inf,Inf,Inf,Inf
1400253995,606260.2110846357,5.764143778180749e6,0.0,Inf,Inf,Inf,Inf,Inf,Inf
9723494158,606262.2556545361,5.764187003250174e6,0.0,Inf,Inf,Inf,Inf,Inf,Inf
1400253998,606263.2092371964,5.7642070065599745e6,0.0,Inf,Inf,Inf,Inf,Inf,Inf
10856056690,606266.1370798955,5.764240347973712e6,0.0,Inf,Inf,Inf,Inf,Inf,Inf
1400254001,606271.1854224772,5.764284349155969e6,0.0,Inf,Inf,Inf,Inf,Inf,Inf
10856056691,606276.1821561507,5.764319815308528e6,0.0,Inf,Inf,Inf,Inf,Inf,Inf
1400254004,606282.7993770774,5.764359121234351e6,0.0,Inf,Inf,Inf,Inf,Inf,Inf
9723494155,606288.5912233137,5.764386582227194e6,0.0,Inf,Inf,Inf,Inf,Inf,Inf
10856056697,606293.4308921623,5.764409116194166e6,0.0,Inf,Inf,Inf,Inf,Inf,Inf
1400254007,606301.042337076,5.764440732760749e6,0.0,Inf,Inf,Inf,Inf,Inf,Inf
10856056696,606308.4254726373,5.764469852163938e6,0.0,Inf,Inf,Inf,Inf,Inf,Inf
1400254009,606328.5647963604,5.764541034324256e6,0.0,Inf,Inf,Inf,Inf,Inf,Inf
9723494154,606340.6226390507,5.764579143470086e6,0.0,Inf,Inf,Inf,Inf,Inf,Inf
1400254011,606362.8553936874,5.764656078304533e6,0.0,Inf,Inf,Inf,Inf,Inf,Inf
1401308555,606398.1101238811,5.76478697604918e6,0.0,Inf,Inf,Inf,Inf,Inf,Inf
1401308588,606417.7804013535,5.764857492227319e6,0.0,Inf,Inf,Inf,Inf,Inf,Inf
9723494151,606447.6896938538,5.764964710621839e6,0.0,Inf,Inf,Inf,Inf,Inf,Inf
9723494149,606501.3705733377,5.765157186973261e6,0.0,Inf,Inf,Inf,Inf,Inf,Inf
1401308625,606517.6588330334,5.765215592646816e6,0.0,Inf,Inf,Inf,Inf,Inf,Inf
1401308631,606531.0809648925,5.765260040236007e6,0.0,Inf,Inf,Inf,Inf,Inf,Inf
9723494145,606556.2366648783,5.765348587923634e6,0.0,Inf,Inf,Inf,Inf,Inf,Inf
1401308640,606570.0043845656,5.765397059680771e6,0.0,Inf,Inf,Inf,Inf,Inf,Inf
1401308644,606606.5323677857,5.765525638969276e6,0.0,Inf,Inf,Inf,Inf,Inf,Inf
9723494142,606611.9292893012,5.765544769476395e6,0.0,Inf,Inf,Inf,Inf,Inf,Inf
9723494137,606663.7672329653,5.76572844113605e6,0.0,Inf,Inf,Inf,Inf,Inf,Inf
9723494134,606720.366040322,5.765928983025172e6,0.0,Inf,Inf,Inf,Inf,Inf,Inf
1401308646,606750.9949170572,5.766037509951738e6,0.0,Inf,Inf,Inf,Inf,Inf,Inf
9723494132,606775.0146434868,5.766122630097362e6,0.0,Inf,Inf,Inf,Inf,Inf,Inf
9723494130,606829.2433004022,5.7663148447867e6,0.0,Inf,Inf,Inf,Inf,Inf,Inf
9723494125,606883.3529951588,5.76650663491364e6,0.0,Inf,Inf,Inf,Inf,Inf,Inf
9723494122,606937.6942282745,5.76669925416149e6,0.0,Inf,Inf,Inf,Inf,Inf,Inf
1401308651,606972.8202243153,5.766823779188279e6,0.0,Inf,Inf,Inf,Inf,Inf,Inf
1401308653,606980.0514747142,5.766849046930741e6,0.0,Inf,Inf,Inf,Inf,Inf,Inf
9723494121,606992.3418684213,5.766894005947961e6,0.0,Inf,Inf,Inf,Inf,Inf,Inf
1401308654,607007.4186641299,5.7669491388323475e6,0.0,Inf,Inf,Inf,Inf,Inf,Inf
9723494118,607046.1571805472,5.767087683643367e6,0.0,Inf,Inf,Inf,Inf,Inf,Inf
9723494117,607099.7368871658,5.767279343163615e6,0.0,Inf,Inf,Inf,Inf,Inf,Inf
9723494114,607153.5034434865,5.767471675073342e6,0.0,Inf,Inf,Inf,Inf,Inf,Inf
9723494111,607207.514205121,5.767664880892699e6,0.0,Inf,Inf,Inf,Inf,Inf,Inf
9723494110,607261.7502156923,5.76785888233862e6,0.0,Inf,Inf,Inf,Inf,Inf,Inf
3263189230,607285.7805854463,5.7679448516532695e6,0.0,Inf,Inf,Inf,Inf,Inf,Inf
9723494106,607314.6767403644,5.768048817435302e6,0.0,Inf,Inf,Inf,Inf,Inf,Inf
9723494104,607367.9453852135,5.768240496410633e6,0.0,Inf,Inf,Inf,Inf,Inf,Inf
1401308666,607399.5877884049,5.768354346806569e6,0.0,Inf,Inf,Inf,Inf,Inf,Inf
3263227465,607405.5961058612,5.768378531987056e6,0.0,Inf,Inf,Inf,Inf,Inf,Inf
1401308668,607417.2436690023,5.768427150328889e6,0.0,Inf,Inf,Inf,Inf,Inf,Inf
9723494103,607418.591020261,5.768433054211255e6,0.0,Inf,Inf,Inf,Inf,Inf,Inf
1401308669,607432.3681199156,5.768493590572058e6,0.0,Inf,Inf,Inf,Inf,Inf,Inf
1401308673,607462.7013845568,5.768606289498228e6,0.0,Inf,Inf,Inf,Inf,Inf,Inf
9723494101,607469.2797933632,5.768629452319029e6,0.0,Inf,Inf,Inf,Inf,Inf,Inf
1401308677,607503.8857694159,5.768751289693211e6,0.0,Inf,Inf,Inf,Inf,Inf,Inf
9723494099,607523.3426396728,5.768819626363122e6,0.0,Inf,Inf,Inf,Inf,Inf,Inf
2657886404,607561.9802789898,5.768955348286517e6,0.0,Inf,Inf,Inf,Inf,Inf,Inf
9723494097,607578.7683074091,5.769012222856112e6,0.0,Inf,Inf,Inf,Inf,Inf,Inf
1401308683,607591.2870425485,5.769054640830877e6,0.0,Inf,Inf,Inf,Inf,Inf,Inf
2657886384,607627.0122688246,5.769198956987343e6,0.0,Inf,Inf,Inf,Inf,Inf,Inf
1401308687,607665.8701621424,5.769354011652055e6,0.0,Inf,Inf,Inf,Inf,Inf,Inf
3081947653,607671.6658699526,5.76938250980023e6,0.0,Inf,Inf,Inf,Inf,Inf,Inf
9723494094,607675.184138787,5.769402791782979e6,0.0,Inf,Inf,Inf,Inf,Inf,Inf
1401308689,607676.1721390152,5.76940847658712e6,0.0,Inf,Inf,Inf,Inf,Inf,Inf
1401308692,607679.0129740451,5.769428688290104e6,0.0,Inf,Inf,Inf,Inf,Inf,Inf
1401308694,607688.1085268183,5.769494843477963e6,0.0,Inf,Inf,Inf,Inf,Inf,Inf
1401308696,607696.397958618,5.769579228878822e6,0.0,Inf,Inf,Inf,Inf,Inf,Inf
9723494092,607697.5433039216,5.769597924087774e6,0.0,Inf,Inf,Inf,Inf,Inf,Inf
9850576930,607700.4233251024,5.769644840501162e6,0.0,Inf,Inf,Inf,Inf,Inf,Inf
9850576929,607700.920353475,5.769652929165243e6,0.0,Inf,Inf,Inf,Inf,Inf,Inf
1401308698,607702.3087493805,5.769675601833298e6,0.0,Inf,Inf,Inf,Inf,Inf,Inf
3078090664,607704.3794275175,5.769728542492009e6,0.0,Inf,Inf,Inf,Inf,Inf,Inf
1401308699,607705.5084224563,5.769788238883606e6,0.0,Inf,Inf,Inf,Inf,Inf,Inf
9723494090,607705.5219711801,5.769800923503385e6,0.0,Inf,Inf,Inf,Inf,Inf,Inf
1401308711,607705.5675761809,5.769845085976813e6,0.0,Inf,Inf,Inf,Inf,Inf,Inf
3078090757,607703.6965850014,5.769961029216585e6,0.0,Inf,Inf,Inf,Inf,Inf,Inf
9723494088,607702.9661707326,5.769999856392429e6,0.0,Inf,Inf,Inf,Inf,Inf,Inf
9723494087,607701.2404728192,5.77009133539268e6,0.0,Inf,Inf,Inf,Inf,Inf,Inf
1401308717,607699.9181069991,5.770161638069387e6,0.0,Inf,Inf,Inf,Inf,Inf,Inf
9723494083,607699.0580345677,5.770201385959872e6,0.0,Inf,Inf,Inf,Inf,Inf,Inf
3078090794,607697.839872141,5.770257682500264e6,0.0,Inf,Inf,Inf,Inf,Inf,Inf
9723494081,607695.6179327066,5.770402825576086e6,0.0,Inf,Inf,Inf,Inf,Inf,Inf
9723494079,607692.5508434391,5.77060349446213e6,0.0,Inf,Inf,Inf,Inf,Inf,Inf
1401308722,607689.6871181597,5.770790637840473e6,0.0,Inf,Inf,Inf,Inf,Inf,Inf
9723494077,607689.4486855515,5.770803873358313e6,0.0,Inf,Inf,Inf,Inf,Inf,Inf
1401308723,607687.2258560535,5.770926863430209e6,0.0,Inf,Inf,Inf,Inf,Inf,Inf
9723494075,607689.9812898478,5.771004497877102e6,0.0,Inf,Inf,Inf,Inf,Inf,Inf
1401308724,607691.2583353586,5.771040520144485e6,0.0,Inf,Inf,Inf,Inf,Inf,Inf
1401308725,607700.3306166794,5.771145874244701e6,0.0,Inf,Inf,Inf,Inf,Inf,Inf
3078090801,607706.3644122058,5.771193960617845e6,0.0,Inf,Inf,Inf,Inf,Inf,Inf
9723494073,607707.8078460909,5.771204551034315e6,0.0,Inf,Inf,Inf,Inf,Inf,Inf
1401308726,607712.2933832329,5.771237382679034e6,0.0,Inf,Inf,Inf,Inf,Inf,Inf
1401308727,607720.170614906,5.77128358408488e6,0.0,Inf,Inf,Inf,Inf,Inf,Inf
3078090774,607728.7565278814,5.771326807791999e6,0.0,Inf,Inf,Inf,Inf,Inf,Inf
1401308728,607736.2252919422,5.771360516312584e6,0.0,Inf,Inf,Inf,Inf,Inf,Inf
9723494071,607745.8151228095,5.771400101140111e6,0.0,Inf,Inf,Inf,Inf,Inf,Inf
1401308729,607753.793578262,5.77143305299912e6,0.0,Inf,Inf,Inf,Inf,Inf,Inf
1401308730,607776.0370668968,5.771514414335891e6,0.0,Inf,Inf,Inf,Inf,Inf,Inf
1401308733,607800.0017796296,5.771590961887557e6,0.0,Inf,Inf,Inf,Inf,Inf,Inf
1401308740,607820.4385363484,5.771650609638727e6,0.0,Inf,Inf,Inf,Inf,Inf,Inf
3078090825,607840.0417790785,5.771702517534386e6,0.0,Inf,Inf,Inf,Inf,Inf,Inf
3078090679,607860.5887572444,5.771754190074549e6,0.0,Inf,Inf,Inf,Inf,Inf,Inf
9723494069,607870.6468863073,5.771779676787616e6,0.0,Inf,Inf,Inf,Inf,Inf,Inf
1401308743,607885.4288719425,5.77181711585589e6,0.0,Inf,Inf,Inf,Inf,Inf,Inf
3078090815,607904.9052008177,5.771870701440474e6,0.0,Inf,Inf,Inf,Inf,Inf,Inf
1401308747,607917.3793640832,5.771905175383465e6,0.0,Inf,Inf,Inf,Inf,Inf,Inf
9723494067,607938.1153311958,5.771967011059557e6,0.0,Inf,Inf,Inf,Inf,Inf,Inf
1401308767,607942.692687992,5.771980651531201e6,0.0,Inf,Inf,Inf,Inf,Inf,Inf
9723494064,607958.0022120116,5.772031309664515e6,0.0,Inf,Inf,Inf,Inf,Inf,Inf
1401308771,607958.1552893694,5.772031835939968e6,0.0,Inf,Inf,Inf,Inf,Inf,Inf
1401308774,607984.0893187021,5.772120332903918e6,0.0,Inf,Inf,Inf,Inf,Inf,Inf
9723494061,607994.3749175412,5.77216084587153e6,0.0,Inf,Inf,Inf,Inf,Inf,Inf
1401308777,608002.015200557,5.7721909202467725e6,0.0,Inf,Inf,Inf,Inf,Inf,Inf
1401308778,608026.8170000637,5.772303382037387e6,0.0,Inf,Inf,Inf,Inf,Inf,Inf
9723494060,608036.0027919655,5.7723553650981635e6,0.0,Inf,Inf,Inf,Inf,Inf,Inf
1401308781,608041.465251829,5.772386282392507e6,0.0,Inf,Inf,Inf,Inf,Inf,Inf
1401308783,608053.7970707424,5.7724647374548875e6,0.0,Inf,Inf,Inf,Inf,Inf,Inf
9723494058,608065.1816002926,5.7725530191021245e6,0.0,Inf,Inf,Inf,Inf,Inf,Inf
9723494054,608065.9913596,5.772559278765509e6,0.0,Inf,Inf,Inf,Inf,Inf,Inf
1401308786,608067.3929381887,5.772570157735174e6,0.0,Inf,Inf,Inf,Inf,Inf,Inf
9723494053,608067.8970823252,5.772575342597043e6,0.0,Inf,Inf,Inf,Inf,Inf,Inf
9723494049,608080.9842877032,5.7727101263525095e6,0.0,Inf,Inf,Inf,Inf,Inf,Inf
1401308790,608082.2834399773,5.772723506610201e6,0.0,Inf,Inf,Inf,Inf,Inf,Inf
9723494044,608083.3348446502,5.772750177875272e6,0.0,Inf,Inf,Inf,Inf,Inf,Inf
1401308791,608084.6069015923,5.772782461788354e6,0.0,Inf,Inf,Inf,Inf,Inf,Inf
1401308792,608087.0927782223,5.772884703327353e6,0.0,Inf,Inf,Inf,Inf,Inf,Inf
3081726457,608087.2299571726,5.772926631677829e6,0.0,Inf,Inf,Inf,Inf,Inf,Inf
9723494041,608087.1269411233,5.772950919004905e6,0.0,Inf,Inf,Inf,Inf,Inf,Inf
1401308793,608086.9929856432,5.772981358720909e6,0.0,Inf,Inf,Inf,Inf,Inf,Inf
1401308794,608085.9503071104,5.773026176626426e6,0.0,Inf,Inf,Inf,Inf,Inf,Inf
3081659495,608083.7293654919,5.773080749287723e6,0.0,Inf,Inf,Inf,Inf,Inf,Inf
1401308796,608081.6340521332,5.773123552641684e6,0.0,Inf,Inf,Inf,Inf,Inf,Inf
9723494039,608080.5542004514,5.773137292890984e6,0.0,Inf,Inf,Inf,Inf,Inf,Inf
9723494038,608079.7364779537,5.773147800970084e6,0.0,Inf,Inf,Inf,Inf,Inf,Inf
1401308797,608075.6309763659,5.7732001741010845e6,0.0,Inf,Inf,Inf,Inf,Inf,Inf
1401325989,608069.428628667,5.773256963468525e6,0.0,Inf,Inf,Inf,Inf,Inf,Inf
1401325991,608049.1246578572,5.773395717178252e6,0.0,Inf,Inf,Inf,Inf,Inf,Inf
1401325992,608035.9219884076,5.77347952585894e6,0.0,Inf,Inf,Inf,Inf,Inf,Inf
9723494034,608023.947790237,5.773542131523218e6,0.0,Inf,Inf,Inf,Inf,Inf,Inf
1401326005,608020.7013495322,5.773559095962396e6,0.0,Inf,Inf,Inf,Inf,Inf,Inf
1401326008,608002.6907460697,5.773647573616173e6,0.0,Inf,Inf,Inf,Inf,Inf,Inf
9723494029,608002.3607383297,5.773649202071833e6,0.0,Inf,Inf,Inf,Inf,Inf,Inf
1401326013,607986.739050424,5.773705953822663e6,0.0,Inf,Inf,Inf,Inf,Inf,Inf
9723494026,607979.0903681368,5.773737910469115e6,0.0,Inf,Inf,Inf,Inf,Inf,Inf
1401326014,607964.018764757,5.773800905179103e6,0.0,Inf,Inf,Inf,Inf,Inf,Inf
9723494024,607929.647658449,5.773931698670669e6,0.0,Inf,Inf,Inf,Inf,Inf,Inf
9723494022,607878.8711542821,5.7741249131388385e6,0.0,Inf,Inf,Inf,Inf,Inf,Inf
1485551268,607842.0101009114,5.774265188692564e6,0.0,Inf,Inf,Inf,Inf,Inf,Inf
1485551270,607837.6265824303,5.774281872650491e6,0.0,Inf,Inf,Inf,Inf,Inf,Inf
9723494017,607827.0453171993,5.774322133152238e6,0.0,Inf,Inf,Inf,Inf,Inf,Inf
1401326017,607789.5972076874,5.774464643896673e6,0.0,Inf,Inf,Inf,Inf,Inf,Inf
9723471315,607776.8740106988,5.774513358835755e6,0.0,Inf,Inf,Inf,Inf,Inf,Inf
9723471313,607726.0889582213,5.774707776138372e6,0.0,Inf,Inf,Inf,Inf,Inf,Inf
9723471311,607675.5236134205,5.77490138639695e6,0.0,Inf,Inf,Inf,Inf,Inf,Inf
9723471309,607625.0746113657,5.775094532294748e6,0.0,Inf,Inf,Inf,Inf,Inf,Inf
1401326019,607584.7192099952,5.7752490538618555e6,0.0,Inf,Inf,Inf,Inf,Inf,Inf
9723471307,607574.2761434211,5.77528942908364e6,0.0,Inf,Inf,Inf,Inf,Inf,Inf
10180542107,607562.9661059671,5.775333156945638e6,0.0,Inf,Inf,Inf,Inf,Inf,Inf
9723471304,607529.551565973,5.775462404649807e6,0.0,Inf,Inf,Inf,Inf,Inf,Inf
10180542105,607477.1239814903,5.7756651669876e6,0.0,Inf,Inf,Inf,Inf,Inf,Inf
9723471302,607474.9641264111,5.775673509794147e6,0.0,Inf,Inf,Inf,Inf,Inf,Inf
9723471296,607374.6802813073,5.776061365403118e6,0.0,Inf,Inf,Inf,Inf,Inf,Inf
3091686674,607373.0438961983,5.776067683376901e6,0.0,Inf,Inf,Inf,Inf,Inf,Inf
1401326026,607332.9758758488,5.776224772047172e6,0.0,Inf,Inf,Inf,Inf,Inf,Inf
9723471299,607324.377143888,5.776257610290783e6,0.0,Inf,Inf,Inf,Inf,Inf,Inf
9723471291,607322.5860745847,5.776264436764746e6,0.0,Inf,Inf,Inf,Inf,Inf,Inf
9723471288,607272.013064658,5.776457494041926e6,0.0,Inf,Inf,Inf,Inf,Inf,Inf
9723471290,607271.3193359729,5.776460127213224e6,0.0,Inf,Inf,Inf,Inf,Inf,Inf
1401326028,607256.4674322808,5.776516830795864e6,0.0,Inf,Inf,Inf,Inf,Inf,Inf
3091686352,607240.2471579363,5.7765766648535e6,0.0,Inf,Inf,Inf,Inf,Inf,Inf
1401326034,607224.81599441,5.776629461668205e6,0.0,Inf,Inf,Inf,Inf,Inf,Inf
9723471287,607215.0027067948,5.776659303027766e6,0.0,Inf,Inf,Inf,Inf,Inf,Inf
1401326037,607207.8715257277,5.77668100192343e6,0.0,Inf,Inf,Inf,Inf,Inf,Inf
1401326042,607185.9720398709,5.776742905510984e6,0.0,Inf,Inf,Inf,Inf,Inf,Inf
3091686751,607169.2513469416,5.7767910904488e6,0.0,Inf,Inf,Inf,Inf,Inf,Inf
1401326044,607150.8662973468,5.776836135180961e6,0.0,Inf,Inf,Inf,Inf,Inf,Inf
3091686360,607131.7498225896,5.776880819268136e6,0.0,Inf,Inf,Inf,Inf,Inf,Inf
1401326050,607110.0165398531,5.776929063157832e6,0.0,Inf,Inf,Inf,Inf,Inf,Inf
3091686874,607083.5204655079,5.776982589752812e6,0.0,Inf,Inf,Inf,Inf,Inf,Inf
9723471284,607065.6683191055,5.77701568506404e6,0.0,Inf,Inf,Inf,Inf,Inf,Inf
1401326054,607051.5321845979,5.777041895226917e6,0.0,Inf,Inf,Inf,Inf,Inf,Inf
3091686687,607028.1326892043,5.777084595809915e6,0.0,Inf,Inf,Inf,Inf,Inf,Inf
1401326056,607000.0009240353,5.777133714766071e6,0.0,Inf,Inf,Inf,Inf,Inf,Inf
3091686718,606976.6046313155,5.777175670149246e6,0.0,Inf,Inf,Inf,Inf,Inf,Inf
9723471282,606967.749477309,5.777189432264079e6,0.0,Inf,Inf,Inf,Inf,Inf,Inf
1401326057,606942.459999164,5.777228709990412e6,0.0,Inf,Inf,Inf,Inf,Inf,Inf
1401326060,606906.3866604618,5.777280095155036e6,0.0,Inf,Inf,Inf,Inf,Inf,Inf
1401326063,606899.0538891279,5.777289628637518e6,0.0,Inf,Inf,Inf,Inf,Inf,Inf
9723471273,606848.5815660419,5.777355068788711e6,0.0,Inf,Inf,Inf,Inf,Inf,Inf
1401326065,606814.4080197415,5.777399385499926e6,0.0,Inf,Inf,Inf,Inf,Inf,Inf
9723471272,606727.5734602279,5.777512078599742e6,0.0,Inf,Inf,Inf,Inf,Inf,Inf
9723471269,606609.3470927483,5.777665512442451e6,0.0,Inf,Inf,Inf,Inf,Inf,Inf
1401376839,606597.8185143454,5.777680475074963e6,0.0,Inf,Inf,Inf,Inf,Inf,Inf
1401376840,606520.0042165006,5.777779712774816e6,0.0,Inf,Inf,Inf,Inf,Inf,Inf
3095468573,606482.4585901649,5.7778270302128745e6,0.0,Inf,Inf,Inf,Inf,Inf,Inf
1401376858,606437.7929757155,5.7778833302550595e6,0.0,Inf,Inf,Inf,Inf,Inf,Inf
9723471261,606418.5948278762,5.777908020454527e6,0.0,Inf,Inf,Inf,Inf,Inf,Inf
1401376862,606389.0623949592,5.777945997020007e6,0.0,Inf,Inf,Inf,Inf,Inf,Inf
9723471255,606359.4865259309,5.777985063229321e6,0.0,Inf,Inf,Inf,Inf,Inf,Inf
1401376867,606294.2847988742,5.778071177926339e6,0.0,Inf,Inf,Inf,Inf,Inf,Inf
1401376871,606251.0188049948,5.778126252178454e6,0.0,Inf,Inf,Inf,Inf,Inf,Inf
9723471254,606237.2120623726,5.778144126515979e6,0.0,Inf,Inf,Inf,Inf,Inf,Inf
1401376875,606200.3830731511,5.778191795062991e6,0.0,Inf,Inf,Inf,Inf,Inf,Inf
1401376894,606154.2693450875,5.778251448986478e6,0.0,Inf,Inf,Inf,Inf,Inf,Inf
9723471251,606115.0523648983,5.778301704069809e6,0.0,Inf,Inf,Inf,Inf,Inf,Inf
9723471248,606004.0143202377,5.778444011363789e6,0.0,Inf,Inf,Inf,Inf,Inf,Inf
9723471247,605996.9556006554,5.778453051231622e6,0.0,Inf,Inf,Inf,Inf,Inf,Inf
9723471244,605995.3580534352,5.778455097799455e6,0.0,Inf,Inf,Inf,Inf,Inf,Inf
1401376900,605991.7054086352,5.778459782004987e6,0.0,Inf,Inf,Inf,Inf,Inf,Inf
1401376911,605871.6840190549,5.778621160428446e6,0.0,Inf,Inf,Inf,Inf,Inf,Inf
9723471241,605754.2824087566,5.778781373418942e6,0.0,Inf,Inf,Inf,Inf,Inf,Inf
1401376942,605653.5811463192,5.778918789961055e6,0.0,Inf,Inf,Inf,Inf,Inf,Inf
1401376956,605647.0998979734,5.778926485134262e6,0.0,Inf,Inf,Inf,Inf,Inf,Inf
9723471240,605635.6158537635,5.778942518934952e6,0.0,Inf,Inf,Inf,Inf,Inf,Inf
9723471239,605518.8880275234,5.77910554417749e6,0.0,Inf,Inf,Inf,Inf,Inf,Inf
1401377026,605363.7446064635,5.779319227840114e6,0.0,Inf,Inf,Inf,Inf,Inf,Inf
1401377067,605291.12974942,5.7794208858211115e6,0.0,Inf,Inf,Inf,Inf,Inf,Inf
1401377073,605252.9802151963,5.7794732727727955e6,0.0,Inf,Inf,Inf,Inf,Inf,Inf
1401377099,605221.0237380541,5.779514419931451e6,0.0,Inf,Inf,Inf,Inf,Inf,Inf
1401377105,605192.3811274669,5.779551643082623e6,0.0,Inf,Inf,Inf,Inf,Inf,Inf
1401377113,605158.5753623307,5.779589680472799e6,0.0,Inf,Inf,Inf,Inf,Inf,Inf
1401377134,605121.7536932685,5.779626029703298e6,0.0,Inf,Inf,Inf,Inf,Inf,Inf
1401377144,605085.7984047795,5.7796609177029105e6,0.0,Inf,Inf,Inf,Inf,Inf,Inf
9289127120,605070.4158992425,5.779674744972883e6,0.0,Inf,Inf,Inf,Inf,Inf,Inf
1401377147,605053.6847739699,5.7796889220390525e6,0.0,Inf,Inf,Inf,Inf,Inf,Inf
1401377167,605046.8100096949,5.779694284152439e6,0.0,Inf,Inf,Inf,Inf,Inf,Inf
9289127117,605023.166531833,5.779713021529036e6,0.0,Inf,Inf,Inf,Inf,Inf,Inf
9289127118,604998.5384728801,5.77973172705148e6,0.0,Inf,Inf,Inf,Inf,Inf,Inf
6187578182,604957.2929429339,5.779759594382794e6,0.0,Inf,Inf,Inf,Inf,Inf,Inf
1401377177,604921.4067772543,5.779783547546436e6,0.0,Inf,Inf,Inf,Inf,Inf,Inf
6725028747,604893.1871158753,5.779800942572999e6,0.0,Inf,Inf,Inf,Inf,Inf,Inf
6723401333,604888.9589087848,5.779803490188041e6,0.0,Inf,Inf,Inf,Inf,Inf,Inf
1401377184,604883.2816050268,5.779806930680716e6,0.0,Inf,Inf,Inf,Inf,Inf,Inf
6723401331,604877.1403786313,5.779810628411461e6,0.0,Inf,Inf,Inf,Inf,Inf,Inf
1401377195,604853.5828930545,5.779824706342801e6,0.0,Inf,Inf,Inf,Inf,Inf,Inf
1401377205,604814.2365197272,5.779847296447204e6,0.0,Inf,Inf,Inf,Inf,Inf,Inf
1401377216,604768.0953527426,5.779873125848919e6,0.0,Inf,Inf,Inf,Inf,Inf,Inf
1401377234,604739.6224772187,5.779887979512011e6,0.0,Inf,Inf,Inf,Inf,Inf,Inf
8689856463,604698.9915829436,5.779907283299001e6,0.0,Inf,Inf,Inf,Inf,Inf,Inf
1401377241,604619.341353717,5.779945124709111e6,0.0,Inf,Inf,Inf,Inf,Inf,Inf
1401377245,604548.187258782,5.779979585883635e6,0.0,Inf,Inf,Inf,Inf,Inf,Inf
1401377251,604479.3203732992,5.780015965470229e6,0.0,Inf,Inf,Inf,Inf,Inf,Inf
4993008716,604440.0644657585,5.780039617364827e6,0.0,Inf,Inf,Inf,Inf,Inf,Inf
1401377262,604395.8849917462,5.780067360661688e6,0.0,Inf,Inf,Inf,Inf,Inf,Inf
4993008715,604373.5354884728,5.780082367457356e6,0.0,Inf,Inf,Inf,Inf,Inf,Inf
1401377269,604348.7012426191,5.780099046702182e6,0.0,Inf,Inf,Inf,Inf,Inf,Inf
1401377275,604312.3103525889,5.780125463574891e6,0.0,Inf,Inf,Inf,Inf,Inf,Inf
1401377277,604247.3177487821,5.780176292075243e6,0.0,Inf,Inf,Inf,Inf,Inf,Inf
1401377282,604209.7620964946,5.780209349982704e6,0.0,Inf,Inf,Inf,Inf,Inf,Inf
1401377296,604176.9218409107,5.780240760309645e6,0.0,Inf,Inf,Inf,Inf,Inf,Inf
3149409197,604151.0482320164,5.780267254523006e6,0.0,Inf,Inf,Inf,Inf,Inf,Inf
1401377299,604118.8970363971,5.780301405676236e6,0.0,Inf,Inf,Inf,Inf,Inf,Inf
1401377305,604073.9213074178,5.780353279553731e6,0.0,Inf,Inf,Inf,Inf,Inf,Inf
1401393002,604030.6520343071,5.780408004606089e6,0.0,Inf,Inf,Inf,Inf,Inf,Inf
1401393004,603991.1385837108,5.780466391478819e6,0.0,Inf,Inf,Inf,Inf,Inf,Inf
1401393006,603958.8635037433,5.780519300310306e6,0.0,Inf,Inf,Inf,Inf,Inf,Inf
1401393008,603919.0479127408,5.78059219035384e6,0.0,Inf,Inf,Inf,Inf,Inf,Inf
1401393009,603871.4231094961,5.780683554064939e6,0.0,Inf,Inf,Inf,Inf,Inf,Inf
1401393011,603842.6021241484,5.780741865512878e6,0.0,Inf,Inf,Inf,Inf,Inf,Inf
8689856472,603840.4755340958,5.780746382863749e6,0.0,Inf,Inf,Inf,Inf,Inf,Inf
1401393017,603818.3694301633,5.780793463718122e6,0.0,Inf,Inf,Inf,Inf,Inf,Inf
1401393021,603799.3142653416,5.78083895065569e6,0.0,Inf,Inf,Inf,Inf,Inf,Inf
1401393022,603777.0685431662,5.780895030099609e6,0.0,Inf,Inf,Inf,Inf,Inf,Inf
8689856473,603762.945390336,5.780933065452886e6,0.0,Inf,Inf,Inf,Inf,Inf,Inf
1401393026,603755.3689233153,5.780953479875475e6,0.0,Inf,Inf,Inf,Inf,Inf,Inf
1401393029,603729.3360680186,5.7810346484528e6,0.0,Inf,Inf,Inf,Inf,Inf,Inf
1401393030,603708.1534670154,5.7811011425622795e6,0.0,Inf,Inf,Inf,Inf,Inf,Inf
1860777405,603705.5463314445,5.781109677712497e6,0.0,Inf,Inf,Inf,Inf,Inf,Inf
1860777407,603702.838824407,5.781120068892249e6,0.0,Inf,Inf,Inf,Inf,Inf,Inf
1401393031,603683.2390904978,5.781195308247498e6,0.0,Inf,Inf,Inf,Inf,Inf,Inf
1401393032,603622.4321859848,5.781422976409116e6,0.0,Inf,Inf,Inf,Inf,Inf,Inf
2329485359,603620.4535626074,5.781430256308896e6,0.0,Inf,Inf,Inf,Inf,Inf,Inf
99185581,603590.4629990873,5.781541284260551e6,0.0,Inf,Inf,Inf,Inf,Inf,Inf
6779354037,603589.0853446762,5.781546651839074e6,0.0,Inf,Inf,Inf,Inf,Inf,Inf
313507666,603586.6449042422,5.781555413055758e6,0.0,Inf,Inf,Inf,Inf,Inf,Inf
1401393066,602869.7704405294,5.78421806656437e6,0.0,Inf,Inf,Inf,Inf,Inf,Inf
1401393067,602835.2421694979,5.784348586914419e6,0.0,Inf,Inf,Inf,Inf,Inf,Inf
1401393069,602818.5768883686,5.784419940230441e6,0.0,Inf,Inf,Inf,Inf,Inf,Inf
1401393071,602809.1382338967,5.784463293496465e6,0.0,Inf,Inf,Inf,Inf,Inf,Inf
6187578181,602799.3651515918,5.784517499307617e6,0.0,Inf,Inf,Inf,Inf,Inf,Inf
1401393080,602793.4826381437,5.78455455090288e6,0.0,Inf,Inf,Inf,Inf,Inf,Inf
1401393081,602784.6766261854,5.784601700348177e6,0.0,Inf,Inf,Inf,Inf,Inf,Inf
1401393084,602778.4214518114,5.784647166992626e6,0.0,Inf,Inf,Inf,Inf,Inf,Inf
529377190,602774.0673532553,5.784686019433008e6,0.0,Inf,Inf,Inf,Inf,Inf,Inf
1258965608,602766.5382919164,5.784780049120093e6,0.0,Inf,Inf,Inf,Inf,Inf,Inf
529377191,602762.9197162468,5.784874404728102e6,0.0,Inf,Inf,Inf,Inf,Inf,Inf
1258965320,602763.1179253939,5.784957445982018e6,0.0,Inf,Inf,Inf,Inf,Inf,Inf
529377192,602766.0349057731,5.785036949788792e6,0.0,Inf,Inf,Inf,Inf,Inf,Inf
529377195,602775.6872404852,5.785148626594518e6,0.0,Inf,Inf,Inf,Inf,Inf,Inf
529377194,602779.6695777137,5.785196530991392e6,0.0,Inf,Inf,Inf,Inf,Inf,Inf
529377196,602793.9447152283,5.785293249633172e6,0.0,Inf,Inf,Inf,Inf,Inf,Inf
4211152258,602809.9881641507,5.78539629154111e6,0.0,Inf,Inf,Inf,Inf,Inf,Inf
529377201,602827.8936165485,5.785512657271179e6,0.0,Inf,Inf,Inf,Inf,Inf,Inf
529377202,602831.0951956215,5.785534253572229e6,0.0,Inf,Inf,Inf,Inf,Inf,Inf
4211152259,602841.5334472768,5.785594442297161e6,0.0,Inf,Inf,Inf,Inf,Inf,Inf
1256291771,602844.8418236355,5.785614839166373e6,0.0,Inf,Inf,Inf,Inf,Inf,Inf
1256291888,602857.4137586078,5.785695355920299e6,0.0,Inf,Inf,Inf,Inf,Inf,Inf
4211152260,602872.8257802883,5.78579245463014e6,0.0,Inf,Inf,Inf,Inf,Inf,Inf
1256291861,602883.0372897378,5.785855932247687e6,0.0,Inf,Inf,Inf,Inf,Inf,Inf
1256292004,602907.9058457593,5.786014924273587e6,0.0,Inf,Inf,Inf,Inf,Inf,Inf
4211152261,602908.0420670751,5.786016262289427e6,0.0,Inf,Inf,Inf,Inf,Inf,Inf
529377203,602928.8110845061,5.786174457218533e6,0.0,Inf,Inf,Inf,Inf,Inf,Inf
529377205,602933.9015861063,5.786206396086372e6,0.0,Inf,Inf,Inf,Inf,Inf,Inf
4211152262,602934.1159635718,5.786208247549641e6,0.0,Inf,Inf,Inf,Inf,Inf,Inf
4211152264,602962.7191367389,5.786388580539697e6,0.0,Inf,Inf,Inf,Inf,Inf,Inf
4211152265,602994.5372254183,5.78658605996347e6,0.0,Inf,Inf,Inf,Inf,Inf,Inf
9145000776,603002.5131873725,5.786622798894172e6,0.0,Inf,Inf,Inf,Inf,Inf,Inf
9145000783,603004.6520475298,5.786633969953155e6,0.0,Inf,Inf,Inf,Inf,Inf,Inf
9145000778,603005.5460499639,5.7866419106639745e6,0.0,Inf,Inf,Inf,Inf,Inf,Inf
4211152266,603024.0262306054,5.786776448156247e6,0.0,Inf,Inf,Inf,Inf,Inf,Inf
8689092881,603057.2170993956,5.786989111232769e6,0.0,Inf,Inf,Inf,Inf,Inf,Inf
1746191154,603062.6370866556,5.78702383883387e6,0.0,Inf,Inf,Inf,Inf,Inf,Inf
4211152267,603085.3244210886,5.78716420565026e6,0.0,Inf,Inf,Inf,Inf,Inf,Inf
740063497,603174.1912505098,5.78771956034657e6,0.0,Inf,Inf,Inf,Inf,Inf,Inf
8726318265,603194.206312503,5.787849135159324e6,0.0,Inf,Inf,Inf,Inf,Inf,Inf
4149583303,603220.3588195858,5.788014888315282e6,0.0,Inf,Inf,Inf,Inf,Inf,Inf
4149583304,603227.7798432523,5.788062620463406e6,0.0,Inf,Inf,Inf,Inf,Inf,Inf
529377208,603252.2021077246,5.788217533890625e6,0.0,Inf,Inf,Inf,Inf,Inf,Inf
1828908971,603259.3134250727,5.788262722793154e6,0.0,Inf,Inf,Inf,Inf,Inf,Inf
4211152268,603267.3530673835,5.788315141131129e6,0.0,Inf,Inf,Inf,Inf,Inf,Inf
529379374,603267.3886990717,5.788315397786803e6,0.0,Inf,Inf,Inf,Inf,Inf,Inf
529379375,603282.091734908,5.788413485330877e6,0.0,Inf,Inf,Inf,Inf,Inf,Inf
1166189597,603287.92460525,5.78845869212824e6,0.0,Inf,Inf,Inf,Inf,Inf,Inf
1828271083,603290.1219587905,5.788483016272768e6,0.0,Inf,Inf,Inf,Inf,Inf,Inf
529379377,603292.0279975095,5.788507223072264e6,0.0,Inf,Inf,Inf,Inf,Inf,Inf
4211152269,603293.0077365923,5.788543405028741e6,0.0,Inf,Inf,Inf,Inf,Inf,Inf
1828271231,603293.4639969412,5.788558524499649e6,0.0,Inf,Inf,Inf,Inf,Inf,Inf
1828271323,603292.9285722431,5.788584171300987e6,0.0,Inf,Inf,Inf,Inf,Inf,Inf
529379378,603291.8694822587,5.788609707031227e6,0.0,Inf,Inf,Inf,Inf,Inf,Inf
1828271507,603289.8355581076,5.788639728691462e6,0.0,Inf,Inf,Inf,Inf,Inf,Inf
529379379,603288.040160228,5.78866977758604e6,0.0,Inf,Inf,Inf,Inf,Inf,Inf
1828271681,603284.4404308848,5.788720161654242e6,0.0,Inf,Inf,Inf,Inf,Inf,Inf
1828271718,603283.443659722,5.7887453315122e6,0.0,Inf,Inf,Inf,Inf,Inf,Inf
529379380,603282.9342154422,5.788770389151734e6,0.0,Inf,Inf,Inf,Inf,Inf,Inf
1828271777,603283.1747075224,5.788796497223797e6,0.0,Inf,Inf,Inf,Inf,Inf,Inf
1166189498,603284.4807706027,5.788822605289452e6,0.0,Inf,Inf,Inf,Inf,Inf,Inf
529379381,603288.9675645152,5.788865836874823e6,0.0,Inf,Inf,Inf,Inf,Inf,Inf
1166189357,603294.7174835628,5.788898947362531e6,0.0,Inf,Inf,Inf,Inf,Inf,Inf
1828271992,603300.336477725,5.788923276220855e6,0.0,Inf,Inf,Inf,Inf,Inf,Inf
529379382,603307.2126914621,5.788947909507411e6,0.0,Inf,Inf,Inf,Inf,Inf,Inf
1828908988,603320.9416246593,5.788988151933746e6,0.0,Inf,Inf,Inf,Inf,Inf,Inf
529379383,603336.4720515906,5.789028465418704e6,0.0,Inf,Inf,Inf,Inf,Inf,Inf
1828909007,603348.077052956,5.789051995882382e6,0.0,Inf,Inf,Inf,Inf,Inf,Inf
4211152272,603358.5494884128,5.789071864306003e6,0.0,Inf,Inf,Inf,Inf,Inf,Inf
1828909015,603368.4846534862,5.7890893293026285e6,0.0,Inf,Inf,Inf,Inf,Inf,Inf
529379385,603379.6938035293,5.789106620666154e6,0.0,Inf,Inf,Inf,Inf,Inf,Inf
529379386,603405.2814567138,5.789143472801767e6,0.0,Inf,Inf,Inf,Inf,Inf,Inf
529379387,603418.7530919255,5.78916034423925e6,0.0,Inf,Inf,Inf,Inf,Inf,Inf
1769081016,603437.5519455937,5.78918277916018e6,0.0,Inf,Inf,Inf,Inf,Inf,Inf
529379388,603449.9235170453,5.789196067163292e6,0.0,Inf,Inf,Inf,Inf,Inf,Inf
1769081021,603471.0372450707,5.78921688163686e6,0.0,Inf,Inf,Inf,Inf,Inf,Inf
529379389,603491.9674619612,5.789236012244458e6,0.0,Inf,Inf,Inf,Inf,Inf,Inf
1769081033,603509.4726430523,5.78925006428507e6,0.0,Inf,Inf,Inf,Inf,Inf,Inf
529379390,603524.0502360936,5.789261707398599e6,0.0,Inf,Inf,Inf,Inf,Inf,Inf
1769081044,603549.297007458,5.789279515518758e6,0.0,Inf,Inf,Inf,Inf,Inf,Inf
529379391,603575.3714690461,5.789295950273543e6,0.0,Inf,Inf,Inf,Inf,Inf,Inf
529379392,603630.656886102,5.789325136239657e6,0.0,Inf,Inf,Inf,Inf,Inf,Inf
1769081080,603657.6585901018,5.789337062322042e6,0.0,Inf,Inf,Inf,Inf,Inf,Inf
529379393,603685.3235154481,5.789347645005613e6,0.0,Inf,Inf,Inf,Inf,Inf,Inf
4211152274,603706.3452345446,5.789354528031972e6,0.0,Inf,Inf,Inf,Inf,Inf,Inf
1769081100,603717.4107196693,5.789358064658679e6,0.0,Inf,Inf,Inf,Inf,Inf,Inf
529379394,603750.5135924299,5.789367270767667e6,0.0,Inf,Inf,Inf,Inf,Inf,Inf
5564781542,603773.9030236481,5.789372301089346e6,0.0,Inf,Inf,Inf,Inf,Inf,Inf
1769081113,603800.2843502009,5.789377961766777e6,0.0,Inf,Inf,Inf,Inf,Inf,Inf
529379395,603851.1300807233,5.789386239101062e6,0.0,Inf,Inf,Inf,Inf,Inf,Inf
4211152276,603908.8390725937,5.789394872541087e6,0.0,Inf,Inf,Inf,Inf,Inf,Inf
3962832715,603933.2016606405,5.789398433093234e6,0.0,Inf,Inf,Inf,Inf,Inf,Inf
529379396,603960.7425543244,5.789402527885861e6,0.0,Inf,Inf,Inf,Inf,Inf,Inf
4211152277,604109.1127726188,5.789423095126427e6,0.0,Inf,Inf,Inf,Inf,Inf,Inf
529379397,604180.7318523079,5.7894331038493365e6,0.0,Inf,Inf,Inf,Inf,Inf,Inf
3841856580,604216.1024652198,5.789439000618056e6,0.0,Inf,Inf,Inf,Inf,Inf,Inf
529411670,604251.4817911439,5.789445776835746e6,0.0,Inf,Inf,Inf,Inf,Inf,Inf
1585644369,604263.5344151512,5.789448467625948e6,0.0,Inf,Inf,Inf,Inf,Inf,Inf
1585644366,604274.376776548,5.78945089927123e6,0.0,Inf,Inf,Inf,Inf,Inf,Inf
3935852355,604321.7136805858,5.789463892008037e6,0.0,Inf,Inf,Inf,Inf,Inf,Inf
529411672,604334.706777865,5.789467971395393e6,0.0,Inf,Inf,Inf,Inf,Inf,Inf
3935852458,604351.7764781691,5.789473383011629e6,0.0,Inf,Inf,Inf,Inf,Inf,Inf
1585644374,604369.728973602,5.7894796811992265e6,0.0,Inf,Inf,Inf,Inf,Inf,Inf
529411679,604386.9234384749,5.789486297257393e6,0.0,Inf,Inf,Inf,Inf,Inf,Inf
4211152278,604414.550603029,5.789497918086724e6,0.0,Inf,Inf,Inf,Inf,Inf,Inf
1585644380,604419.3454426324,5.789499844089056e6,0.0,Inf,Inf,Inf,Inf,Inf,Inf
529411680,604441.4283765672,5.78951009071392e6,0.0,Inf,Inf,Inf,Inf,Inf,Inf
1585644390,604467.1846177132,5.789523619517859e6,0.0,Inf,Inf,Inf,Inf,Inf,Inf
529411686,604492.7004020863,5.789537855491416e6,0.0,Inf,Inf,Inf,Inf,Inf,Inf
542775894,604524.0142194228,5.789558244810736e6,0.0,Inf,Inf,Inf,Inf,Inf,Inf
529411687,604552.2093858453,5.789577533628001e6,0.0,Inf,Inf,Inf,Inf,Inf,Inf
1585644398,604581.0188209008,5.7896010303804595e6,0.0,Inf,Inf,Inf,Inf,Inf,Inf
529411692,604608.8209504511,5.789624995582557e6,0.0,Inf,Inf,Inf,Inf,Inf,Inf
1585644415,604643.7712444367,5.789660038638306e6,0.0,Inf,Inf,Inf,Inf,Inf,Inf
3038991888,604655.2709750038,5.789672688269484e6,0.0,Inf,Inf,Inf,Inf,Inf,Inf
1585644423,604666.5168873824,5.789685065516525e6,0.0,Inf,Inf,Inf,Inf,Inf,Inf
529411695,604698.4450430415,5.789720234190221e6,0.0,Inf,Inf,Inf,Inf,Inf,Inf
3209856994,604775.3624991055,5.789806148170808e6,0.0,Inf,Inf,Inf,Inf,Inf,Inf
529431874,604788.8060516051,5.789821142556107e6,0.0,Inf,Inf,Inf,Inf,Inf,Inf
529571541,604852.4054450296,5.789894391602306e6,0.0,Inf,Inf,Inf,Inf,Inf,Inf
529431889,604877.3117524193,5.789928210974841e6,0.0,Inf,Inf,Inf,Inf,Inf,Inf
1585644490,604894.9297085407,5.789952751947933e6,0.0,Inf,Inf,Inf,Inf,Inf,Inf
1585644493,604909.0821833786,5.789972279192273e6,0.0,Inf,Inf,Inf,Inf,Inf,Inf
3634175069,604917.6514177314,5.789984255350831e6,0.0,Inf,Inf,Inf,Inf,Inf,Inf
1585644494,604935.4005294584,5.79000903292837e6,0.0,Inf,Inf,Inf,Inf,Inf,Inf
1585644502,604958.7912185569,5.790046959755207e6,0.0,Inf,Inf,Inf,Inf,Inf,0.0
1585644531,604985.2880523322,5.790081380952937e6,0.0,Inf,Inf,Inf,Inf,0.0,0.0
3209856999,605001.8590879813,5.790099535609049e6,0.0,Inf,Inf,Inf,0.0,0.0,0.0
52682701,605014.0139344533,5.790113401750094e6,0.0,Inf,Inf,0.0,0.0,0.0,0.0
3837560418,605034.3036282175,5.790135552117042e6,0.0,Inf,0.0,0.0,0.0,0.0,0.0
333163293,605117.7436717919,5.7902266174909985e6,0.0,0.0,0.0,0.0,0.0,0.0,0.0
