ID,x,y,z,leftCentralRightRadiiAverage,rightsideRadii,centralRadiiAverageOf1Radii,centralRadiiAverageOf2Radii,centralRadiiAverageOf3Radii,centralRadiiAverageOf4Radii,centralRadiiAverageOf5Radii,centralRadiiAverageOf6Radii
1021098276,606981.2573699041,5.749732569917137e6,0.0,0.0,Inf,0.0,0.0,0.0,0.0,0.0,0.0
10250000897,606960.0108869721,5.749755803912295e6,0.0,0.0,13286.136505511664,Inf,0.0,0.0,0.0,0.0,0.0
3354852793,606942.6488802328,5.749774781698734e6,0.0,Inf,Inf,13286.0,31221.0,0.0,0.0,0.0,0.0
3919572408,606941.0981565175,5.749776473154839e6,0.0,36340.0,9693.98685681523,Inf,Inf,Inf,0.0,0.0,0.0
9231304892,606852.7119287981,5.74987273123486e6,0.0,31999.0,264.85212789537854,9694.0,5704.0,4230.0,3496.0,0.0,0.0
9231304891,606842.3755346074,5.749884159885926e6,0.0,3468.0,445.66421842121497,265.0,577.0,672.0,876.0,1036.0,0.0
1021098275,606828.5746391157,5.749901800963454e6,0.0,490.0,758.38296923527,446.0,442.0,768.0,947.0,1095.0,1299.0
1400131758,606811.5478123955,5.749926416158855e6,0.0,640.0,715.2311165058305,758.0,Inf,Inf,Inf,Inf,49456.0
1021098245,606799.8129505977,5.749944679917801e6,0.0,5759.0,15803.581737495244,715.0,1016.0,1550.0,3206.0,3503.0,3893.0
10813104078,606749.1766125448,5.750011959836285e6,0.0,5822.0,947.0575396803014,15804.0,9185.0,7367.0,6828.0,7161.0,7909.0
1400131767,606744.4093323249,5.750018255797926e6,0.0,8889.0,9916.329377288142,947.0,4870.0,4695.0,4673.0,5080.0,6797.0
1400131781,606736.9196038394,5.750027931742068e6,0.0,5518.0,5689.413598982275,9916.0,14003.0,12464.0,10961.0,10377.0,11463.0
10250046525,606695.1502987322,5.750082350107624e6,0.0,9878.0,14028.436507571741,5689.0,6995.0,9106.0,17321.0,25928.0,27796.0
9850427203,606671.011642663,5.750113189568396e6,0.0,8449.0,5628.419106525719,14028.0,17134.0,18854.0,16537.0,16134.0,14540.0
1400131799,606630.0823670836,5.750165078433332e6,0.0,6948.0,1186.3323279911388,5628.0,4673.0,4540.0,4465.0,4087.0,3900.0
1400131802,606600.5483725931,5.750203313522018e6,0.0,2765.0,1480.9684035800049,1186.0,1451.0,1643.0,1691.0,1741.0,1827.0
1400131808,606576.4945456735,5.750237014629751e6,0.0,1292.0,1209.0570079262488,1481.0,1412.0,1313.0,1349.0,1487.0,1577.0
9850427202,606555.959288691,5.750267452842422e6,0.0,1025.0,383.78174678995333,1209.0,944.0,1008.0,1162.0,1267.0,1356.0
1400131811,606552.0233834857,5.750273521882279e6,0.0,1902.0,4113.603332402886,384.0,714.0,1009.0,1131.0,1212.0,1292.0
1400131816,606526.3119508487,5.750321106763788e6,0.0,1982.0,1447.991414306052,4114.0,4003.0,4883.0,4198.0,3753.0,3448.0
1400131821,606486.9898909531,5.750391121997269e6,0.0,1924.0,208.95363063904176,1448.0,2699.0,2735.0,2673.0,2588.0,2490.0
7376818681,606459.4735548706,5.750435264219531e6,0.0,Inf,Inf,209.0,582.0,920.0,1112.0,1235.0,1326.0
9850427196,606454.98329632,5.750445727500078e6,0.0,Inf,3336.639066668963,Inf,Inf,Inf,Inf,Inf,Inf
243531130,606417.9462765892,5.750532047080819e6,0.0,Inf,1309.3300628962968,3337.0,5677.0,4502.0,3911.0,3591.0,3378.0
1400131825,606396.8620100252,5.750578384604969e6,0.0,1883.0,1003.443555014277,1309.0,1853.0,2104.0,2069.0,2066.0,2084.0
7376818682,606386.4503026752,5.750603197272783e6,0.0,2482.0,5132.454775410453,1003.0,1198.0,1573.0,1798.0,1834.0,1867.0
7376835693,606362.6203896982,5.750668646950522e6,0.0,2866.0,2463.088459620646,5132.0,3978.0,3408.0,3202.0,3059.0,2919.0
7376818655,606344.169811968,5.750721315742214e6,0.0,3643.0,3332.6470068218955,2463.0,2801.0,2727.0,2580.0,2561.0,2563.0
305873594,606328.192729349,5.750770320972143e6,0.0,2111.0,537.1090796283786,3333.0,2823.0,2647.0,2594.0,2550.0,2545.0
7376818654,606315.7954418036,5.750810234294015e6,0.0,46189.0,Inf,537.0,1074.0,1449.0,1721.0,1870.0,1956.0
9850427194,606313.3810582215,5.750819562380632e6,0.0,Inf,16058.499796127759,Inf,Inf,46528.0,35519.0,28940.0,24546.0
3929671388,606294.4883772153,5.7508924603962395e6,0.0,Inf,3551.7467494581724,16058.0,12577.0,9583.0,7967.0,6963.0,6259.0
7376818648,606278.839590879,5.750953934006962e6,0.0,6942.0,1216.202905379253,3552.0,3411.0,3384.0,3301.0,3176.0,3085.0
7376818649,606268.3750864982,5.750997838225091e6,0.0,8591.0,21006.081299213583,1216.0,1613.0,1976.0,2131.0,2215.0,2240.0
7376818646,606260.3585126506,5.751037644350165e6,0.0,10263.0,8567.98986183262,21006.0,12055.0,8822.0,7265.0,6285.0,5630.0
4833303447,606254.2127603476,5.751068433499988e6,0.0,10421.0,1689.061391809563,8568.0,5519.0,4438.0,3849.0,3534.0,3332.0
305873595,606251.5668159424,5.751081873371348e6,0.0,4159.0,2219.496054585978,1689.0,1820.0,1883.0,1917.0,1953.0,2018.0
386591982,606230.0722965618,5.751227214330717e6,0.0,1615.0,936.2667165582693,2219.0,1866.0,1820.0,1839.0,1898.0,1943.0
2591189633,606229.4876778175,5.751232386711381e6,0.0,Inf,Inf,936.0,1308.0,1466.0,1620.0,1729.0,1804.0
9850427179,606224.1011833586,5.751313382027897e6,0.0,Inf,12962.328445726702,Inf,Inf,Inf,Inf,Inf,Inf
1400131837,606221.9264464297,5.751346146893086e6,0.0,Inf,Inf,12962.0,30554.0,21927.0,17154.0,14231.0,12286.0
9850427177,606220.8181912426,5.751362378680363e6,0.0,Inf,1035.4914760601723,Inf,Inf,Inf,Inf,Inf,Inf
1400131839,606217.5249401921,5.75141056291069e6,0.0,Inf,7771.8929282112,1035.0,1204.0,1423.0,1719.0,1910.0,2015.0
1898383811,606216.5988578353,5.751472716163515e6,0.0,3377.0,1324.487504165342,7772.0,4888.0,4041.0,3663.0,3485.0,3365.0
243531132,606216.26588211,5.751489387192433e6,0.0,4883.0,5554.097994663287,1324.0,2025.0,2171.0,2246.0,2300.0,2395.0
1400131843,606219.0096525965,5.75159460973235e6,0.0,3204.0,2734.7262552113652,5554.0,4657.0,4212.0,3896.0,3709.0,3653.0
243531133,606222.859704081,5.751683033026964e6,0.0,3443.0,2039.7736237399224,2735.0,2928.0,2963.0,2995.0,3096.0,3198.0
1400131856,606229.2784822524,5.751768117364369e6,0.0,24780.0,Inf,2040.0,2186.0,2487.0,2823.0,3074.0,3457.0
9850427178,606233.5712569777,5.751808407231844e6,0.0,24920.0,3155.6280028388906,Inf,36362.0,25598.0,20303.0,17489.0,15609.0
305873596,606234.0817603688,5.751813213435348e6,0.0,49345.0,Inf,3156.0,4270.0,4518.0,5092.0,5413.0,5635.0
1400131857,606284.4282521921,5.752130275982362e6,0.0,Inf,Inf,Inf,Inf,Inf,Inf,Inf,Inf
9850427175,606311.1815104808,5.752302409505444e6,0.0,Inf,40061.90850239788,Inf,Inf,Inf,Inf,Inf,Inf
1400159730,606322.8721331565,5.752377592536886e6,0.0,Inf,Inf,40062.0,49284.0,Inf,Inf,Inf,Inf
9850427174,606390.4963706217,5.752795326401795e6,0.0,Inf,16227.014452459713,Inf,Inf,Inf,Inf,Inf,Inf
1400159732,606400.1781677468,5.752855157425769e6,0.0,Inf,Inf,16227.0,Inf,Inf,Inf,Inf,Inf
6193098889,606406.8760106497,5.752897401299931e6,0.0,Inf,Inf,Inf,Inf,Inf,Inf,Inf,Inf
9850427168,606468.1440476984,5.753289433909069e6,0.0,Inf,Inf,Inf,Inf,Inf,Inf,Inf,Inf
9850427167,606506.2060371256,5.75353301756255e6,0.0,Inf,Inf,Inf,Inf,Inf,Inf,Inf,Inf
9850427166,606545.29856954,5.753783243772189e6,0.0,Inf,Inf,Inf,Inf,Inf,Inf,Inf,Inf
2834577011,606577.1112510501,5.753986852355015e6,0.0,Inf,Inf,Inf,Inf,Inf,Inf,Inf,Inf
9850427164,606607.2638079636,5.754179778125341e6,0.0,Inf,Inf,Inf,Inf,Inf,Inf,Inf,Inf
9850427163,606622.5712902149,5.754277770352655e6,0.0,Inf,Inf,Inf,Inf,Inf,Inf,Inf,Inf
1400159733,606658.2080152336,5.754505883427073e6,0.0,Inf,Inf,Inf,Inf,Inf,Inf,Inf,Inf
2329649631,606688.6159051897,5.754697135451676e6,0.0,Inf,Inf,Inf,Inf,Inf,Inf,Inf,Inf
9850427162,606700.2883442829,5.754770940009985e6,0.0,Inf,Inf,Inf,Inf,Inf,Inf,Inf,Inf
9850427160,606779.9394771191,5.755274467142961e6,0.0,Inf,Inf,Inf,Inf,Inf,Inf,Inf,Inf
699778886,606781.5935756644,5.755284927764033e6,0.0,Inf,Inf,Inf,Inf,Inf,Inf,Inf,Inf
9850427159,606856.0976994602,5.755757794447998e6,0.0,Inf,30995.7148986128,Inf,Inf,Inf,Inf,Inf,Inf
1400159735,606881.6373177724,5.75591990494516e6,0.0,Inf,Inf,30996.0,Inf,Inf,Inf,Inf,Inf
297346827,606917.8257092,5.756159838086768e6,0.0,45801.0,49487.94235078982,Inf,Inf,Inf,Inf,Inf,Inf
3919573359,606934.3618898707,5.756267226621672e6,0.0,39217.0,11243.851124395283,49488.0,47511.0,48083.0,Inf,Inf,Inf
1400159741,606950.0304661884,5.756370457714222e6,0.0,22661.0,7251.4055271976085,11244.0,13021.0,15457.0,16131.0,16713.0,16017.0
1400159743,606974.2263618584,5.7565185545608895e6,0.0,17653.0,34464.46312168317,7251.0,8183.0,7656.0,7290.0,6906.0,6931.0
1400159744,606984.4585993101,5.756575984947049e6,0.0,14089.0,550.8638657817596,34464.0,18983.0,13600.0,10858.0,9342.0,8335.0
1400159746,606992.5867259138,5.756621209287707e6,0.0,11918.0,739.1841535514503,551.0,723.0,941.0,1112.0,1246.0,1429.0
2138978789,607000.4489942658,5.756652186293072e6,0.0,739.0,926.4015608231177,739.0,729.0,778.0,886.0,997.0,1110.0
1400159749,607011.7889751807,5.756689312721871e6,0.0,871.0,946.1373586599896,926.0,904.0,883.0,900.0,960.0,1036.0
3919573368,607030.0524294045,5.756739905602299e6,0.0,987.0,1087.880698736727,946.0,966.0,990.0,981.0,992.0,1029.0
1400159752,607039.8720482714,5.756763892772935e6,0.0,Inf,Inf,1088.0,1145.0,1146.0,1153.0,1136.0,1133.0
1400159755,607065.1356088412,5.756819208618731e6,0.0,Inf,24949.73534757343,Inf,Inf,Inf,43456.0,35020.0,29384.0
9850423166,607075.0980192324,5.75684100704791e6,0.0,Inf,17466.63890543984,24950.0,Inf,Inf,Inf,Inf,47230.0
9850423165,607075.6364931053,5.756842186844863e6,0.0,14345.0,617.9364032095659,17467.0,9188.0,6578.0,5274.0,4482.0,3943.0
299024844,607083.3200839394,5.756858996398821e6,0.0,6627.0,1797.7636492576723,618.0,727.0,824.0,928.0,987.0,1028.0
243531154,607128.9328454976,5.756938981697302e6,0.0,1224.0,1255.706207587038,1798.0,1617.0,1533.0,1455.0,1418.0,1406.0
995443042,607166.3874558287,5.756998275620863e6,0.0,1214.0,587.1416736998588,1256.0,1284.0,1228.0,1207.0,1220.0,1235.0
1400159766,607198.1435678757,5.757043395098174e6,0.0,673.0,175.08097949121105,587.0,607.0,739.0,869.0,949.0,1000.0
1400159767,607207.8643511895,5.757055575508131e6,0.0,362.0,324.9796289225908,175.0,466.0,747.0,901.0,984.0,1018.0
1400159768,607215.9895046075,5.757064261424899e6,0.0,470.0,910.1510878415166,325.0,720.0,1347.0,1426.0,1403.0,1365.0
6432136937,607236.346091079,5.757089220541601e6,0.0,549.0,410.7231458810955,910.0,1290.0,1984.0,1867.0,1718.0,1617.0
6432136939,607256.795749504,5.757116240117441e6,0.0,498.0,172.43081406151921,411.0,605.0,632.0,647.0,667.0,694.0
1400159769,607270.2999732513,5.75713181749555e6,0.0,335.0,423.186472524938,172.0,236.0,307.0,363.0,417.0,465.0
995417882,607272.0360369098,5.757133568209149e6,0.0,406.0,623.8220256333319,423.0,373.0,370.0,411.0,451.0,484.0
995417880,607291.1660257945,5.757151591793151e6,0.0,604.0,764.3572986093922,624.0,631.0,623.0,604.0,604.0,612.0
4010534120,607308.6040898915,5.757166764168182e6,0.0,28294.0,Inf,764.0,919.0,905.0,857.0,809.0,777.0
5251275430,607319.9651755694,5.75717616506941e6,0.0,28259.0,520.7271641300154,Inf,42270.0,28494.0,21572.0,17391.0,14592.0
1400159771,607346.6658706663,5.757198245658617e6,0.0,Inf,Inf,521.0,581.0,618.0,625.0,625.0,617.0
9844117759,607379.0300005017,5.757221327048521e6,0.0,Inf,377.27979588659775,Inf,Inf,Inf,Inf,Inf,Inf
995417878,607381.1695459768,5.757222852817763e6,0.0,Inf,364.432157300324,377.0,456.0,480.0,489.0,497.0,505.0
995417877,607429.16487842,5.757251733429642e6,0.0,472.0,674.3400809079892,364.0,387.0,402.0,416.0,429.0,442.0
995417873,607458.4159052228,5.75726482374503e6,0.0,438.0,276.5476362865858,674.0,545.0,507.0,497.0,497.0,499.0
995417872,607484.8913347753,5.757275273232952e6,0.0,630.0,938.4454233150626,277.0,345.0,381.0,407.0,425.0,437.0
995417869,607514.4409368885,5.757283419080065e6,0.0,720.0,945.1958680011602,938.0,772.0,713.0,668.0,640.0,620.0
995417868,607543.6156098543,5.757290455528566e6,0.0,856.0,684.0215637097632,945.0,897.0,817.0,761.0,717.0,683.0
995417865,607577.0489686087,5.757297327905323e6,0.0,675.0,396.0716692600116,684.0,671.0,658.0,637.0,615.0,591.0
995417860,607615.9900972936,5.757303173082026e6,0.0,508.0,442.52183608417636,396.0,429.0,450.0,457.0,451.0,446.0
1400159780,607633.9506268065,5.757304550080679e6,0.0,393.0,340.33481192942,443.0,425.0,414.0,405.0,399.0,395.0
995417858,607663.9290435024,5.757305218016556e6,0.0,319.0,174.8569405403507,340.0,313.0,303.0,301.0,302.0,305.0
995417856,607677.469945804,5.757304652992931e6,0.0,233.0,184.64027450467353,175.0,194.0,204.0,215.0,226.0,236.0
1400159777,607698.3285542717,5.757301697745293e6,0.0,181.0,184.2024329154699,185.0,184.0,189.0,198.0,208.0,219.0
357161800,607722.2260879785,5.75729521426318e6,0.0,193.0,209.58199502889985,184.0,186.0,197.0,207.0,216.0,225.0
6432136963,607736.6468753706,5.757289550232338e6,0.0,391.0,779.0102320959109,210.0,237.0,246.0,251.0,256.0,264.0
380359403,607748.9405026392,5.757283706867499e6,0.0,434.0,314.619872414405,779.0,583.0,500.0,456.0,434.0,420.0
357161803,607773.677582867,5.757271133346502e6,0.0,656.0,874.9357722946957,315.0,358.0,380.0,395.0,404.0,411.0
357161805,607802.2632495651,5.7572528794888845e6,0.0,897.0,1500.7625631802987,875.0,742.0,715.0,709.0,696.0,705.0
357161806,607817.8430320894,5.757242256066786e6,0.0,1071.0,838.3977080922175,1501.0,1240.0,1119.0,1076.0,1120.0,1151.0
1400215040,607831.5931836225,5.7572326390971625e6,0.0,1839.0,3176.983135267519,838.0,1076.0,1211.0,1415.0,1670.0,1848.0
357161809,607871.0257279256,5.757202669911766e6,0.0,Inf,Inf,3177.0,19133.0,13929.0,11719.0,12276.0,13296.0
6432136961,607891.0696007444,5.757187803765388e6,0.0,Inf,666.6539076071404,Inf,Inf,Inf,Inf,Inf,49153.0
357161810,607911.8821672804,5.757172364593327e6,0.0,Inf,2186.942052652595,667.0,865.0,1038.0,1160.0,1255.0,1356.0
357161812,607963.0269156366,5.757139355570184e6,0.0,1737.0,2357.525285398734,2187.0,1925.0,1781.0,1695.0,1636.0,1591.0
357169264,608007.4234508825,5.757112298484858e6,0.0,1743.0,685.4978598338334,2358.0,2033.0,1809.0,1660.0,1560.0,1494.0
357169265,608041.8524738308,5.757092225091404e6,0.0,1300.0,855.9009056673663,685.0,825.0,898.0,915.0,932.0,961.0
357169266,608064.7554097165,5.757080303146374e6,0.0,706.0,578.0674283033769,856.0,785.0,788.0,828.0,869.0,905.0
6432136946,608092.6185103799,5.757066953123259e6,0.0,682.0,611.2843529319063,578.0,604.0,662.0,736.0,802.0,849.0
6432136947,608122.5367545706,5.75705458232259e6,0.0,1360.0,2890.310562447884,611.0,745.0,851.0,903.0,941.0,997.0
357169268,608155.8219898514,5.757042929880274e6,0.0,Inf,Inf,2890.0,2490.0,2215.0,2042.0,1946.0,1891.0
9723494278,608217.9470042633,5.757022388883357e6,0.0,Inf,10121.671349828619,Inf,Inf,Inf,Inf,Inf,Inf
357169269,608266.0366381647,5.757006495871088e6,0.0,Inf,48042.845484640566,10122.0,14989.0,15874.0,Inf,Inf,Inf
9723494274,608286.1987234076,5.756999911851942e6,0.0,19749.0,1081.002667287294,48043.0,25869.0,19049.0,16153.0,13810.0,12265.0
357169271,608297.1382505158,5.756996343622018e6,0.0,18545.0,6511.007549152252,1081.0,1538.0,2135.0,2193.0,2207.0,2235.0
6432136954,608337.8197224366,5.756981926368032e6,0.0,6429.0,11694.343578915203,6511.0,5428.0,4033.0,3353.0,2986.0,2814.0
4304467388,608370.5458838692,5.756970107434407e6,0.0,6151.0,248.1104329822591,11694.0,6235.0,4425.0,3553.0,3145.0,2980.0
357169273,608383.7465569022,5.756965308874756e6,0.0,4426.0,1334.8797259103221,248.0,374.0,512.0,714.0,944.0,1140.0
6432136957,608418.9910386403,5.756948015026577e6,0.0,1385.0,2572.303830694482,1335.0,1197.0,1360.0,1595.0,1769.0,1912.0
357169275,608448.4485670167,5.756932554113688e6,0.0,Inf,Inf,2572.0,3615.0,3971.0,3859.0,3752.0,3722.0
357169276,608494.8268582226,5.756907213166314e6,0.0,Inf,Inf,Inf,Inf,Inf,Inf,Inf,47991.0
9723494267,608644.9461262474,5.756825089470343e6,0.0,Inf,Inf,Inf,Inf,Inf,Inf,Inf,Inf
357169281,608794.1727859778,5.756743462507643e6,0.0,Inf,3384.7615337047887,Inf,Inf,40803.0,31863.0,26156.0,22251.0
1400214957,608842.1577155788,5.756717124871943e6,0.0,27281.0,428.1732364648064,3385.0,3189.0,3072.0,2823.0,2620.0,2483.0
1400214952,608888.3201832937,5.756692728490724e6,0.0,1407.0,408.6610202417028,428.0,508.0,640.0,764.0,848.0,892.0
1400214950,608917.4977442801,5.756680791229317e6,0.0,372.0,280.5925788107641,409.0,391.0,403.0,472.0,551.0,595.0
1400214948,608948.3495954543,5.756670904510059e6,0.0,312.0,247.9755974231421,281.0,289.0,304.0,323.0,363.0,409.0
1400214944,608985.1456997808,5.756663995936765e6,0.0,20108.0,Inf,248.0,272.0,284.0,293.0,302.0,325.0
9723494264,609008.5539073527,5.756662525805772e6,0.0,20082.0,203.73225129992127,Inf,30075.0,20152.0,15189.0,12212.0,10231.0
1400214940,609022.4128577416,5.756661659751314e6,0.0,20092.0,276.8895996783056,204.0,251.0,263.0,268.0,273.0,278.0
1400214941,609051.0224346956,5.75666286234078e6,0.0,240.0,238.20033521037388,277.0,266.0,268.0,272.0,277.0,280.0
1400214946,609100.7956895897,5.756672193063436e6,0.0,263.0,273.84103957026036,238.0,245.0,254.0,264.0,271.0,275.0
1400214949,609134.5787193397,5.7566852140863305e6,0.0,377.0,617.5332226112882,274.0,286.0,294.0,296.0,298.0,300.0
1400214954,609164.2935744163,5.756701284169393e6,0.0,410.0,339.82300256838255,618.0,507.0,447.0,415.0,396.0,384.0
1400214956,609195.9331731042,5.756720823432577e6,0.0,400.0,243.64614072795595,340.0,336.0,335.0,334.0,332.0,330.0
1400214959,609237.4175039,5.756754853292328e6,0.0,339.0,434.9111601830686,244.0,268.0,288.0,299.0,303.0,306.0
1400214961,609268.0711545217,5.756793364390851e6,0.0,422.0,587.1172175735203,435.0,402.0,383.0,371.0,364.0,359.0
1400214974,609293.3185068321,5.756833537727914e6,0.0,393.0,155.72896722196919,587.0,509.0,451.0,421.0,405.0,394.0
2025760178,609309.7451156218,5.756864261079345e6,0.0,328.0,240.611373430022,156.0,201.0,236.0,258.0,274.0,285.0
2025760183,609313.9009651453,5.75687605702062e6,0.0,527.0,1184.762495809897,241.0,243.0,266.0,286.0,298.0,307.0
1400214984,609321.2746502646,5.756904813344356e6,0.0,590.0,343.82058054959026,1185.0,829.0,674.0,598.0,554.0,524.0
1400214986,609327.1979433243,5.756930411418229e6,0.0,658.0,444.52411626452516,344.0,387.0,401.0,399.0,398.0,398.0
1400214997,609333.249520868,5.756987544775845e6,0.0,428.0,494.4766712088199,445.0,439.0,445.0,450.0,447.0,444.0
1400215002,609331.8109272724,5.757045771605806e6,0.0,512.0,596.1734243088996,494.0,493.0,491.0,492.0,491.0,486.0
1400215006,609327.7827177397,5.757079697176434e6,0.0,566.0,606.3217848886512,596.0,576.0,560.0,546.0,536.0,529.0
1400215016,609322.6005707349,5.757109491836795e6,0.0,581.0,540.7228506123448,606.0,596.0,575.0,559.0,547.0,543.0
1400215026,609314.5724955762,5.757144309065667e6,0.0,501.0,356.9879684025612,541.0,515.0,508.0,508.0,513.0,515.0
1400215028,609305.5048635197,5.757174797620028e6,0.0,442.0,428.16780625523035,357.0,383.0,407.0,441.0,461.0,472.0
1400215032,609293.3005996052,5.757205373371215e6,0.0,Inf,Inf,428.0,445.0,496.0,513.0,522.0,525.0
9723494257,609283.9757811342,5.75722499688201e6,0.0,Inf,1971.6249983161101,Inf,Inf,Inf,Inf,Inf,Inf
1400215038,609278.1460261906,5.757237264327614e6,0.0,Inf,368.2912243329872,1972.0,1421.0,1183.0,1034.0,937.0,867.0
1400215041,609255.2546588051,5.757283450631817e6,0.0,918.0,414.6234765696182,368.0,390.0,412.0,430.0,438.0,445.0
1400215042,609231.7709612425,5.757318697873934e6,0.0,388.0,379.77176358285067,415.0,402.0,407.0,413.0,421.0,429.0
1400215045,609221.4288044956,5.757332046169914e6,0.0,436.0,513.5558232008447,380.0,402.0,402.0,404.0,413.0,443.0
1400215049,609201.6401806028,5.757354567706268e6,0.0,413.0,346.17714831859496,514.0,466.0,450.0,446.0,478.0,510.0
1400215055,609175.3076337071,5.757380851760751e6,0.0,8043.0,23269.453819518134,346.0,368.0,396.0,466.0,514.0,553.0
9723494254,609134.5096089831,5.757412272029513e6,0.0,7995.0,368.3930999900415,23269.0,11915.0,8240.0,6423.0,5328.0,4590.0
1400215057,609131.3421442658,5.757414717449775e6,0.0,8587.0,2123.0882327471163,368.0,780.0,897.0,953.0,990.0,999.0
1400215059,609077.3533473879,5.757448954440603e6,0.0,14815.0,41953.41359900625,2123.0,2297.0,2230.0,2114.0,2008.0,1933.0
1400215061,608881.8103551194,5.757555187441131e6,0.0,17693.0,9001.374075190499,41953.0,31810.0,28336.0,23195.0,19576.0,16992.0
1400215065,608824.1570327121,5.757586765883732e6,0.0,Inf,Inf,9001.0,15155.0,23423.0,26347.0,23233.0,20758.0
9723494250,608785.2953355021,5.757608361872479e6,0.0,Inf,2130.198577723611,Inf,Inf,Inf,Inf,Inf,Inf
1965177336,608752.1815704311,5.757626756420921e6,0.0,Inf,2006.8523527319528,2130.0,7563.0,14659.0,15815.0,16181.0,16094.0
1965177351,608737.0741709925,5.757634894919879e6,0.0,2723.0,4032.7667470793513,2007.0,32826.0,25200.0,20334.0,17831.0,15918.0
1400232421,608709.158983112,5.757650376461893e6,0.0,2497.0,1451.3453335953952,4033.0,4095.0,3752.0,3674.0,3458.0,3346.0
1400232423,608678.7463379323,5.757666916486741e6,0.0,1969.0,423.84429046735664,1451.0,1438.0,1444.0,1410.0,1362.0,1339.0
1400232429,608624.7765987056,5.757698655136854e6,0.0,13633.0,39022.681804704145,424.0,496.0,530.0,536.0,556.0,578.0
9723494248,608609.3906569463,5.757709825472782e6,0.0,13217.0,205.2447130575879,39023.0,19721.0,13288.0,10091.0,8180.0,6912.0
9286536229,608604.0898105599,5.757713671285569e6,0.0,13160.0,251.32308736611049,205.0,251.0,298.0,339.0,370.0,391.0
1400232432,608584.6408608684,5.757730249861283e6,0.0,1982.0,5488.339520097443,251.0,312.0,355.0,375.0,389.0,402.0
1400232435,608566.0133516869,5.757749839367337e6,0.0,2083.0,509.074177810888,5488.0,3060.0,2217.0,1780.0,1512.0,1333.0
1400232438,608543.5534785676,5.757773718387643e6,0.0,2117.0,354.78016633538465,509.0,524.0,505.0,490.0,477.0,467.0
1400232443,608506.8322016156,5.757820642215972e6,0.0,383.0,283.86403374016993,355.0,357.0,371.0,377.0,381.0,384.0
1400232446,608488.5350734375,5.757851955305052e6,0.0,400.0,562.0617703513876,284.0,316.0,332.0,344.0,354.0,360.0
1400232449,608475.6303813953,5.757881850060646e6,0.0,387.0,315.7070855034295,562.0,472.0,439.0,424.0,418.0,415.0
1400232451,608462.5846219193,5.757918250750057e6,0.0,439.0,440.6035541055026,316.0,346.0,358.0,363.0,368.0,375.0
1400232455,608452.7575426528,5.757965024406855e6,0.0,26055.0,Inf,441.0,430.0,423.0,419.0,418.0,422.0
9723494245,608448.3430376659,5.758006908649675e6,0.0,26025.0,226.60843529739708,Inf,38923.0,26089.0,19678.0,15837.0,13279.0
1400232456,608447.4522109593,5.758015334283072e6,0.0,26041.0,486.8384723363476,227.0,318.0,363.0,396.0,422.0,462.0
1400232457,608449.3311908807,5.758070005880815e6,0.0,447.0,627.7943503298893,487.0,493.0,526.0,550.0,600.0,668.0
1400232459,608457.003187037,5.758122511176635e6,0.0,1644.0,3816.6268054453003,628.0,720.0,770.0,870.0,977.0,1027.0
1400232460,608472.1210054862,5.758184724619378e6,0.0,1883.0,1205.3039171088624,3817.0,3098.0,2850.0,2914.0,2810.0,2725.0
1400232462,608485.05155689,5.758241928241829e6,0.0,2771.0,3291.215687401765,1205.0,7115.0,7545.0,6765.0,6392.0,5947.0
1400232463,608498.8935724928,5.758292275561226e6,0.0,Inf,Inf,3291.0,15889.0,25579.0,24155.0,20906.0,18883.0
9723494240,608536.7995613196,5.758450104212384e6,0.0,Inf,Inf,Inf,Inf,Inf,Inf,Inf,Inf
9723494238,608582.9968335454,5.758642460858909e6,0.0,Inf,9150.847565018496,Inf,Inf,Inf,Inf,Inf,Inf
1400232465,608588.4485923453,5.7586651438176045e6,0.0,Inf,Inf,9151.0,14628.0,Inf,Inf,Inf,Inf
9723494235,608631.3985573545,5.758835656034485e6,0.0,Inf,3772.064773138552,Inf,Inf,Inf,Inf,Inf,Inf
1400232473,608642.722153483,5.758880619567293e6,0.0,Inf,Inf,3772.0,5924.0,10129.0,24381.0,44465.0,Inf
9723494233,608677.4851461564,5.759036523277488e6,0.0,Inf,3607.279222706995,Inf,Inf,Inf,Inf,Inf,Inf
1400232475,608690.4958273326,5.759094864316388e6,0.0,Inf,Inf,3607.0,6395.0,8949.0,16425.0,35917.0,Inf
9723494231,608723.1039268331,5.759224596631039e6,0.0,Inf,24075.292314823906,Inf,Inf,Inf,Inf,Inf,Inf
1400232478,608757.0946965839,5.759359855837583e6,0.0,Inf,Inf,24075.0,38714.0,33444.0,33582.0,30487.0,27857.0
9723494230,608771.4983872743,5.7594181941342205e6,0.0,Inf,2349.1421580044357,Inf,Inf,Inf,Inf,Inf,Inf
1400232483,608798.8015848284,5.759528796450608e6,0.0,Inf,Inf,2349.0,3152.0,3683.0,4012.0,4243.0,4383.0
9723494226,608815.2510669491,5.759609877544788e6,0.0,Inf,1895.3466568547406,Inf,Inf,Inf,Inf,Inf,Inf
1400232492,608830.0556477687,5.759682856165549e6,0.0,Inf,933.9669582178229,1895.0,2052.0,2154.0,2149.0,2179.0,2246.0
1400232497,608843.5274736247,5.759767466381925e6,0.0,Inf,Inf,934.0,1160.0,1267.0,1351.0,1421.0,1503.0
9723494228,608847.2243709427,5.759808436854766e6,0.0,Inf,707.670887656021,Inf,Inf,Inf,Inf,Inf,Inf
1400232500,608850.9327423192,5.759849507723929e6,0.0,Inf,1430.8399396444747,708.0,881.0,954.0,1015.0,1069.0,1120.0
1400232509,608851.3713123035,5.7599277366163e6,0.0,995.0,845.202922314093,1431.0,1284.0,1272.0,1242.0,1228.0,1233.0
1400232510,608848.3955648597,5.759993963479979e6,0.0,Inf,Inf,845.0,1128.0,1121.0,1122.0,1126.0,1135.0
9723494224,608847.1633434049,5.760007310682882e6,0.0,Inf,554.2502197815231,Inf,Inf,Inf,Inf,Inf,Inf
1400232513,608842.3768634187,5.7600592116501e6,0.0,Inf,1892.3477861290385,554.0,697.0,804.0,883.0,929.0,960.0
1400232518,608834.3728342919,5.760103331824822e6,0.0,1532.0,2149.1144726911652,1892.0,1534.0,1442.0,1380.0,1336.0,1304.0
1400232525,608820.7175808888,5.760167801627135e6,0.0,46495.0,Inf,2149.0,2238.0,1944.0,1757.0,1639.0,1560.0
9723494222,608812.3184557292,5.760203267925138e6,0.0,46032.0,501.0560795622439,Inf,Inf,46020.0,34800.0,28068.0,23583.0
1400232527,608807.8999127604,5.760221908680622e6,0.0,45574.0,776.8176732644845,501.0,644.0,778.0,863.0,915.0,951.0
1400232530,608795.3621201165,5.760263181869805e6,0.0,964.0,1613.360268346185,777.0,839.0,873.0,927.0,970.0,998.0
1400232531,608775.2042033,5.760316806399315e6,0.0,1147.0,1050.3922471319195,1613.0,1433.0,1360.0,1308.0,1281.0,1265.0
1400232538,608747.7483030288,5.760381888119993e6,0.0,35100.0,Inf,1050.0,1319.0,1299.0,1275.0,1254.0,1236.0
9723494220,608743.23054876,5.760391536546252e6,0.0,34855.0,877.5151078147429,Inf,Inf,35065.0,26607.0,21516.0,18125.0
1400232540,608726.2327507354,5.7604278615974225e6,0.0,34920.0,1246.968831998015,878.0,963.0,1019.0,1049.0,1075.0,1098.0
1400232543,608687.9728520798,5.760496980934609e6,0.0,857.0,447.24402590214504,1247.0,1176.0,1126.0,1136.0,1160.0,1230.0
1400232546,608645.8044576354,5.760562966821526e6,0.0,Inf,Inf,447.0,645.0,810.0,924.0,1092.0,1274.0
9723494217,608642.7442978664,5.760566894645843e6,0.0,Inf,17207.708532730558,Inf,Inf,Inf,Inf,Inf,Inf
1400232550,608613.040667407,5.7606050131098e6,0.0,Inf,1741.10131600715,17208.0,11436.0,8715.0,7388.0,6666.0,6290.0
1400232552,608567.0310533255,5.760664496054434e6,0.0,8534.0,6652.577225848376,1741.0,4643.0,7277.0,7375.0,7186.0,7045.0
1400232555,608518.6244549283,5.760721791001365e6,0.0,Inf,Inf,6653.0,Inf,Inf,Inf,Inf,Inf
9723494215,608391.4497970095,5.760878838056308e6,0.0,Inf,Inf,Inf,Inf,Inf,Inf,Inf,Inf
9723494212,608266.1607065644,5.761033559063857e6,0.0,Inf,Inf,Inf,Inf,Inf,Inf,Inf,Inf
9723494210,608139.6157743288,5.761189846862854e6,0.0,Inf,Inf,Inf,Inf,Inf,Inf,Inf,Inf
9723494207,608015.6195233171,5.761342988362381e6,0.0,Inf,2689.5497381560326,Inf,Inf,Inf,Inf,Inf,Inf
1400232558,607902.2376827039,5.761483021539941e6,0.0,Inf,Inf,2690.0,5306.0,7946.0,10015.0,12085.0,13940.0
9723494206,607888.5094795938,5.761501350476769e6,0.0,Inf,Inf,Inf,Inf,Inf,Inf,Inf,Inf
9723494203,607768.9695695715,5.761660980560163e6,0.0,Inf,Inf,Inf,Inf,Inf,Inf,Inf,Inf
9723494202,607648.8150011539,5.761821434507785e6,0.0,Inf,12907.629970806802,Inf,Inf,Inf,Inf,Inf,Inf
1400232564,607631.9558266734,5.761843946865141e6,0.0,Inf,33520.25396887627,12908.0,23981.0,35209.0,43421.0,Inf,Inf
1400232566,607581.3149468815,5.761910959943502e6,0.0,Inf,Inf,33520.0,39425.0,45479.0,Inf,Inf,Inf
9723494199,607497.133843198,5.76202158977794e6,0.0,Inf,Inf,Inf,Inf,Inf,Inf,Inf,Inf
9723494197,607407.6344361042,5.762139216243797e6,0.0,Inf,Inf,Inf,Inf,Inf,Inf,Inf,Inf
9723494195,607316.4786640293,5.762259011602111e6,0.0,Inf,Inf,Inf,Inf,Inf,Inf,Inf,Inf
9723494194,607195.0312401098,5.762418635592775e6,0.0,Inf,41569.34412220018,Inf,Inf,Inf,Inf,Inf,Inf
1400232568,607161.0684873235,5.762463268514308e6,0.0,Inf,Inf,41569.0,Inf,Inf,Inf,Inf,Inf
9723494191,607072.9715035077,5.762579628847795e6,0.0,Inf,Inf,Inf,Inf,Inf,Inf,Inf,Inf
9723494189,606932.540437814,5.7627651319880495e6,0.0,Inf,Inf,Inf,Inf,Inf,Inf,Inf,Inf
1400253959,606894.8321082507,5.762814937971777e6,0.0,Inf,Inf,Inf,Inf,Inf,Inf,Inf,Inf
9723494185,606574.9818955316,5.76323304543542e6,0.0,Inf,Inf,Inf,Inf,Inf,Inf,Inf,Inf
9723494176,606558.8883108324,5.763254231200866e6,0.0,Inf,1679.7864802901602,Inf,Inf,Inf,Inf,Inf,45106.0
8715235776,606549.0048234706,5.763267238239951e6,0.0,Inf,Inf,1680.0,2605.0,6160.0,8116.0,8785.0,9038.0
9723494183,606529.0573524939,5.763294316651234e6,0.0,Inf,1031.3195075305875,Inf,Inf,Inf,Inf,Inf,43662.0
8715235774,606512.801270304,5.763316378068486e6,0.0,Inf,Inf,1031.0,1472.0,1511.0,1542.0,2154.0,2505.0
9723494179,606499.3664011606,5.763335584652443e6,0.0,Inf,805.4010960268542,Inf,Inf,Inf,Inf,Inf,Inf
1400253962,606493.9060958079,5.763343390067247e6,0.0,Inf,1284.673426775721,805.0,983.0,1072.0,1156.0,1208.0,1250.0
8715235778,606465.7353048625,5.763387127384923e6,0.0,44728.0,Inf,1285.0,1364.0,1380.0,1373.0,1376.0,1380.0
9723494172,606446.4017984293,5.763419582122405e6,0.0,44773.0,940.2026356371587,Inf,Inf,45046.0,34133.0,27581.0,23218.0
1400253964,606436.7527673859,5.763435787642041e6,0.0,44753.0,1225.4462652090288,940.0,1133.0,1209.0,1242.0,1265.0,1279.0
1400253966,606408.3101028627,5.763488453940962e6,0.0,1170.0,1343.6772485714284,1225.0,1219.0,1241.0,1268.0,1282.0,1297.0
1400253970,606381.654491656,5.7635442738867905e6,0.0,1276.0,1257.448837020563,1344.0,1319.0,1325.0,1331.0,1345.0,1352.0
8715235808,606365.1136811415,5.7635826520750625e6,0.0,46979.0,Inf,1257.0,1411.0,1400.0,1407.0,1406.0,1401.0
9723494170,606358.778391832,5.763598349823919e6,0.0,46836.0,915.6243214845292,Inf,Inf,47134.0,35708.0,28841.0,24265.0
1400253973,606349.7324051087,5.763620754622829e6,0.0,47445.0,3083.0857128388648,916.0,1184.0,1263.0,1291.0,1308.0,1316.0
8715235806,606332.8152083552,5.76366811499738e6,0.0,1636.0,909.4084874662169,3083.0,2292.0,1991.0,1843.0,1753.0,1689.0
1400253976,606316.6900719128,5.763715692580295e6,0.0,1581.0,749.8373160106845,909.0,1004.0,1077.0,1122.0,1154.0,1184.0
1400253979,606301.9180477314,5.76376937405195e6,0.0,25082.0,Inf,750.0,961.0,1059.0,1108.0,1148.0,1176.0
9723494167,606297.1058874433,5.763791257221401e6,0.0,25127.0,1042.5995666795013,Inf,37614.0,25518.0,19481.0,15854.0,13439.0
1400253985,606284.3688526022,5.763849332524e6,0.0,25257.0,1140.7855875466314,1043.0,1162.0,1240.0,1258.0,1278.0,1287.0
8715235803,606280.1563739076,5.763873042087237e6,0.0,1515.0,2361.267249159503,1141.0,1241.0,1295.0,1328.0,1330.0,1336.0
1400253987,606276.4268705891,5.763896962220194e6,0.0,1501.0,1001.5514298338999,2361.0,1969.0,1793.0,1701.0,1644.0,1598.0
1400253988,606268.3557136604,5.763955493030102e6,0.0,Inf,Inf,1002.0,1218.0,1259.0,1286.0,1305.0,1320.0
9723494160,606265.4229898736,5.763987452270461e6,0.0,Inf,769.9808580768254,Inf,Inf,Inf,Inf,44803.0,37570.0
1400253991,606262.6678141389,5.764017523810837e6,0.0,Inf,2046.0866261694132,770.0,1040.0,1130.0,1187.0,1223.0,1245.0
1400253992,606260.6899454619,5.764070398749447e6,0.0,1300.0,1084.4857794983875,2046.0,1732.0,1648.0,1588.0,1550.0,1525.0
1400253995,606260.2110846357,5.764143778180749e6,0.0,29568.0,Inf,1084.0,1252.0,1280.0,1301.0,1312.0,1322.0
9723494158,606262.2556545361,5.764187003250174e6,0.0,29109.0,669.517481295976,Inf,43505.0,29478.0,22455.0,18243.0,15431.0
1400253998,606263.2092371964,5.7642070065599745e6,0.0,29234.0,1459.322619222118,670.0,972.0,1082.0,1154.0,1190.0,1217.0
10856056690,606266.1370798955,5.764240347973712e6,0.0,1228.0,1556.4923759999126,1459.0,1359.0,1368.0,1357.0,1358.0,1356.0
1400254001,606271.1854224772,5.764284349155969e6,0.0,1476.0,1410.7616936178931,1556.0,1526.0,1452.0,1429.0,1411.0,1405.0
10856056691,606276.1821561507,5.764319815308528e6,0.0,1265.0,826.8437131032765,1411.0,1343.0,1342.0,1334.0,1340.0,1350.0
1400254004,606282.7993770774,5.764359121234351e6,0.0,3053.0,6920.064974571385,827.0,985.0,1078.0,1145.0,1199.0,1242.0
9723494155,606288.5912233137,5.764386582227194e6,0.0,2957.0,1125.4136009120584,6920.0,4191.0,3278.0,2840.0,2580.0,2441.0
10856056697,606293.4308921623,5.764409116194166e6,0.0,3546.0,2592.144911977555,1125.0,1437.0,1504.0,1530.0,1600.0,1742.0
1400254007,606301.042337076,5.764440732760749e6,0.0,1872.0,1897.7792733941842,2592.0,2251.0,2148.0,2177.0,2354.0,2489.0
10856056696,606308.4254726373,5.764469852163938e6,0.0,2115.0,1854.9422567337547,1898.0,1942.0,2217.0,2813.0,3129.0,3377.0
1400254009,606328.5647963604,5.764541034324256e6,0.0,2048.0,2389.816147577686,1855.0,3488.0,6600.0,7785.0,8500.0,8849.0
9723494154,606340.6226390507,5.764579143470086e6,0.0,3386.0,5914.578688252596,2390.0,6147.0,12981.0,Inf,Inf,Inf
1400254011,606362.8553936874,5.764656078304533e6,0.0,6658.0,11670.426992418583,5915.0,6462.0,9626.0,16668.0,33657.0,Inf
1401308555,606398.1101238811,5.76478697604918e6,0.0,Inf,Inf,11670.0,Inf,Inf,Inf,Inf,Inf
1401308588,606417.7804013535,5.764857492227319e6,0.0,Inf,Inf,Inf,Inf,Inf,Inf,Inf,Inf
9723494151,606447.6896938538,5.764964710621839e6,0.0,Inf,Inf,Inf,Inf,Inf,Inf,Inf,Inf
9723494149,606501.3705733377,5.765157186973261e6,0.0,Inf,2513.531908193336,Inf,Inf,Inf,Inf,Inf,Inf
1401308625,606517.6588330334,5.765215592646816e6,0.0,Inf,4204.137806624263,2514.0,10902.0,17845.0,26790.0,31693.0,42357.0
1401308631,606531.0809648925,5.765260040236007e6,0.0,Inf,Inf,4204.0,16193.0,Inf,Inf,Inf,Inf
9723494145,606556.2366648783,5.765348587923634e6,0.0,Inf,Inf,Inf,Inf,Inf,Inf,Inf,Inf
1401308640,606570.0043845656,5.765397059680771e6,0.0,Inf,41914.673304589065,Inf,Inf,Inf,Inf,Inf,Inf
1401308644,606606.5323677857,5.765525638969276e6,0.0,Inf,Inf,41915.0,Inf,Inf,Inf,Inf,Inf
9723494142,606611.9292893012,5.765544769476395e6,0.0,Inf,Inf,Inf,Inf,Inf,Inf,Inf,Inf
9723494137,606663.7672329653,5.76572844113605e6,0.0,Inf,Inf,Inf,Inf,Inf,Inf,Inf,Inf
9723494134,606720.366040322,5.765928983025172e6,0.0,Inf,Inf,Inf,Inf,Inf,Inf,Inf,Inf
1401308646,606750.9949170572,5.766037509951738e6,0.0,Inf,Inf,Inf,Inf,Inf,Inf,Inf,Inf
9723494132,606775.0146434868,5.766122630097362e6,0.0,Inf,Inf,Inf,Inf,Inf,Inf,Inf,Inf
9723494130,606829.2433004022,5.7663148447867e6,0.0,Inf,Inf,Inf,Inf,Inf,Inf,Inf,Inf
9723494125,606883.3529951588,5.76650663491364e6,0.0,Inf,Inf,Inf,Inf,Inf,Inf,Inf,Inf
9723494122,606937.6942282745,5.76669925416149e6,0.0,Inf,20490.113114354855,Inf,Inf,Inf,Inf,Inf,Inf
1401308651,606972.8202243153,5.766823779188279e6,0.0,Inf,3066.3291316790583,20490.0,36562.0,43717.0,Inf,Inf,Inf
1401308653,606980.0514747142,5.766849046930741e6,0.0,Inf,Inf,3066.0,9005.0,26122.0,Inf,Inf,Inf
9723494121,606992.3418684213,5.766894005947961e6,0.0,Inf,17600.72277423731,Inf,Inf,Inf,Inf,Inf,Inf
1401308654,607007.4186641299,5.7669491388323475e6,0.0,Inf,Inf,17601.0,28317.0,Inf,Inf,Inf,Inf
9723494118,607046.1571805472,5.767087683643367e6,0.0,Inf,Inf,Inf,Inf,Inf,Inf,Inf,Inf
9723494117,607099.7368871658,5.767279343163615e6,0.0,Inf,Inf,Inf,Inf,Inf,Inf,Inf,Inf
9723494114,607153.5034434865,5.767471675073342e6,0.0,Inf,Inf,Inf,Inf,Inf,Inf,Inf,Inf
9723494111,607207.514205121,5.767664880892699e6,0.0,Inf,Inf,Inf,Inf,Inf,Inf,Inf,Inf
9723494110,607261.7502156923,5.76785888233862e6,0.0,Inf,Inf,Inf,Inf,Inf,Inf,Inf,Inf
3263189230,607285.7805854463,5.7679448516532695e6,0.0,Inf,Inf,Inf,Inf,Inf,Inf,Inf,Inf
9723494106,607314.6767403644,5.768048817435302e6,0.0,Inf,Inf,Inf,Inf,Inf,Inf,Inf,Inf
9723494104,607367.9453852135,5.768240496410633e6,0.0,Inf,2593.4866426542,Inf,Inf,Inf,Inf,Inf,Inf
1401308666,607399.5877884049,5.768354346806569e6,0.0,Inf,4480.2565531386,2593.0,4253.0,5304.0,6025.0,8538.0,11321.0
3263227465,607405.5961058612,5.768378531987056e6,0.0,3225.0,2602.69755572982,4480.0,3781.0,4417.0,6896.0,9229.0,14948.0
1401308668,607417.2436690023,5.768427150328889e6,0.0,21306.0,Inf,2603.0,3839.0,9046.0,12573.0,27042.0,49584.0
9723494103,607418.591020261,5.768433054211255e6,0.0,20574.0,2283.6432817524446,Inf,32242.0,24513.0,32506.0,Inf,Inf
1401308669,607432.3681199156,5.768493590572058e6,0.0,21407.0,5101.707893779147,2284.0,2402.0,3128.0,3818.0,6090.0,10138.0
1401308673,607462.7013845568,5.768606289498228e6,0.0,Inf,Inf,5102.0,5556.0,6087.0,6942.0,7618.0,9072.0
9723494101,607469.2797933632,5.768629452319029e6,0.0,Inf,Inf,Inf,Inf,Inf,Inf,Inf,Inf
1401308677,607503.8857694159,5.768751289693211e6,0.0,Inf,Inf,Inf,Inf,Inf,Inf,Inf,Inf
9723494099,607523.3426396728,5.768819626363122e6,0.0,Inf,10351.848211092412,Inf,Inf,Inf,Inf,Inf,Inf
2657886404,607561.9802789898,5.768955348286517e6,0.0,Inf,Inf,10352.0,13355.0,14961.0,15589.0,16599.0,17984.0
9723494097,607578.7683074091,5.769012222856112e6,0.0,Inf,2176.970845544378,Inf,Inf,Inf,Inf,Inf,Inf
1401308683,607591.2870425485,5.769054640830877e6,0.0,Inf,Inf,2177.0,3493.0,4695.0,5433.0,6179.0,6598.0
2657886384,607627.0122688246,5.769198956987343e6,0.0,19277.0,2103.620485177685,Inf,33502.0,25006.0,20849.0,18207.0,16291.0
1401308687,607665.8701621424,5.769354011652055e6,0.0,18838.0,860.0073784176764,2104.0,2666.0,2865.0,2904.0,2993.0,3050.0
3081947653,607671.6658699526,5.76938250980023e6,0.0,14741.0,41259.53505769251,860.0,1236.0,1600.0,1817.0,1960.0,2116.0
9723494094,607675.184138787,5.769402791782979e6,0.0,14174.0,403.5710588515459,41260.0,21083.0,14600.0,11524.0,9687.0,8481.0
1401308689,607676.1721390152,5.76940847658712e6,0.0,18719.0,14494.078952067639,404.0,1025.0,1232.0,1354.0,1535.0,1668.0
1401308692,607679.0129740451,5.769428688290104e6,0.0,5618.0,1957.7442651173521,14494.0,8644.0,6505.0,5364.0,4660.0,4270.0
1401308694,607688.1085268183,5.769494843477963e6,0.0,5954.0,1409.356490506906,1958.0,2014.0,2048.0,2063.0,2065.0,2054.0
1401308696,607696.397958618,5.769579228878822e6,0.0,Inf,Inf,1409.0,1716.0,1868.0,1988.0,2076.0,2129.0
9723494092,607697.5433039216,5.769597924087774e6,0.0,Inf,Inf,Inf,Inf,Inf,Inf,Inf,47232.0
9850576930,607700.4233251024,5.769644840501162e6,0.0,Inf,Inf,Inf,Inf,Inf,Inf,Inf,Inf
9850576929,607700.920353475,5.769652929165243e6,0.0,Inf,1715.204981794931,Inf,38753.0,27108.0,21101.0,17452.0,15045.0
1401308698,607702.3087493805,5.769675601833298e6,0.0,25940.0,2791.676451793621,1715.0,1951.0,2251.0,2480.0,2619.0,2700.0
3078090664,607704.3794275175,5.769728542492009e6,0.0,2179.0,2028.7595203625172,2792.0,2633.0,2657.0,2815.0,2970.0,3112.0
1401308699,607705.5084224563,5.769788238883606e6,0.0,Inf,Inf,2029.0,2564.0,2867.0,3085.0,3351.0,3622.0
9723494090,607705.5219711801,5.769800923503385e6,0.0,Inf,4663.336252831657,Inf,Inf,Inf,Inf,Inf,Inf
1401308711,607705.5675761809,5.769845085976813e6,0.0,Inf,28944.147802631996,4663.0,5296.0,5709.0,5921.0,6029.0,6175.0
3078090757,607703.6965850014,5.769961029216585e6,0.0,Inf,Inf,28944.0,24224.0,23606.0,21318.0,19420.0,18473.0
9723494088,607702.9661707326,5.769999856392429e6,0.0,Inf,Inf,Inf,Inf,Inf,Inf,Inf,Inf
9723494087,607701.2404728192,5.77009133539268e6,0.0,Inf,19465.13086060853,Inf,Inf,Inf,Inf,Inf,Inf
1401308717,607699.9181069991,5.770161638069387e6,0.0,Inf,Inf,19465.0,32786.0,Inf,Inf,Inf,Inf
9723494083,607699.0580345677,5.770201385959872e6,0.0,Inf,15920.159458140663,Inf,Inf,Inf,Inf,Inf,Inf
3078090794,607697.839872141,5.770257682500264e6,0.0,Inf,Inf,15920.0,25382.0,39582.0,Inf,Inf,Inf
9723494081,607695.6179327066,5.770402825576086e6,0.0,Inf,Inf,Inf,Inf,Inf,Inf,Inf,Inf
9723494079,607692.5508434391,5.77060349446213e6,0.0,Inf,36953.70649689518,Inf,Inf,Inf,Inf,Inf,Inf
1401308722,607689.6871181597,5.770790637840473e6,0.0,Inf,Inf,36954.0,Inf,Inf,43185.0,36678.0,32155.0
9723494077,607689.4486855515,5.770803873358313e6,0.0,Inf,1874.1890952304282,Inf,Inf,Inf,Inf,Inf,Inf
1401308723,607687.2258560535,5.770926863430209e6,0.0,Inf,Inf,1874.0,2105.0,2590.0,3074.0,3514.0,3821.0
9723494075,607689.9812898478,5.771004497877102e6,0.0,Inf,1405.1188378439872,Inf,Inf,Inf,Inf,Inf,Inf
1401308724,607691.2583353586,5.771040520144485e6,0.0,Inf,1980.9780062781767,1405.0,1772.0,1902.0,1985.0,2151.0,2356.0
1401308725,607700.3306166794,5.771145874244701e6,0.0,2056.0,2780.8548681645166,1981.0,1926.0,2024.0,2059.0,2076.0,2149.0
3078090801,607706.3644122058,5.771193960617845e6,0.0,24400.0,Inf,2781.0,2708.0,2509.0,2409.0,2345.0,2301.0
9723494073,607707.8078460909,5.771204551034315e6,0.0,24143.0,1208.880238502645,Inf,35444.0,24326.0,18736.0,15394.0,13175.0
1401308726,607712.2933832329,5.771237382679034e6,0.0,23773.0,1670.8926562131512,1209.0,1331.0,1473.0,1576.0,1643.0,1711.0
1401308727,607720.170614906,5.77128358408488e6,0.0,1556.0,1789.5352447532593,1671.0,1620.0,1628.0,1689.0,1756.0,1805.0
3078090774,607728.7565278814,5.771326807791999e6,0.0,1792.0,1916.437631764008,1790.0,1786.0,1820.0,1879.0,1928.0,1965.0
1401308728,607736.2252919422,5.771360516312584e6,0.0,Inf,Inf,1916.0,2159.0,2215.0,2215.0,2220.0,2222.0
9723494071,607745.8151228095,5.771400101140111e6,0.0,Inf,2016.8658853311595,Inf,Inf,Inf,Inf,Inf,Inf
1401308729,607753.793578262,5.77143305299912e6,0.0,Inf,2252.273330430494,2017.0,2279.0,2372.0,2395.0,2397.0,2392.0
1401308730,607776.0370668968,5.771514414335891e6,0.0,2318.0,2684.4084367716773,2252.0,2280.0,2316.0,2345.0,2370.0,2394.0
1401308733,607800.0017796296,5.771590961887557e6,0.0,2283.0,1911.5510078284417,2684.0,2523.0,2470.0,2477.0,2509.0,2582.0
1401308740,607820.4385363484,5.771650609638727e6,0.0,2598.0,3197.36105069095,1912.0,2120.0,2241.0,2347.0,2518.0,2676.0
3078090825,607840.0417790785,5.771702517534386e6,0.0,7045.0,16026.00619008348,3197.0,3125.0,3176.0,3375.0,3554.0,3844.0
3078090679,607860.5887572444,5.771754190074549e6,0.0,Inf,Inf,16026.0,15240.0,16349.0,14765.0,13809.0,12995.0
9723494069,607870.6468863073,5.771779676787616e6,0.0,Inf,1773.5418103274426,Inf,Inf,Inf,Inf,Inf,Inf
1401308743,607885.4288719425,5.77181711585589e6,0.0,Inf,32738.19608894713,1774.0,2332.0,2757.0,3314.0,4008.0,5602.0
3078090815,607904.9052008177,5.771870701440474e6,0.0,12222.0,2155.7276467385786,32738.0,18153.0,13340.0,10900.0,9578.0,8887.0
1401308747,607917.3793640832,5.771905175383465e6,0.0,Inf,Inf,2156.0,2849.0,2888.0,2928.0,3034.0,3159.0
9723494067,607938.1153311958,5.771967011059557e6,0.0,Inf,1111.587756352713,Inf,Inf,Inf,49971.0,40618.0,34405.0
1401308767,607942.692687992,5.771980651531201e6,0.0,Inf,2564.1749457957894,1112.0,1657.0,2122.0,2376.0,2525.0,2620.0
9723494064,607958.0022120116,5.772031309664515e6,0.0,8920.0,23083.446919714817,2564.0,3968.0,3822.0,3700.0,3602.0,3512.0
1401308771,607958.1552893694,5.772031835939968e6,0.0,9162.0,1839.1420445099423,23083.0,13924.0,10543.0,8717.0,7579.0,6830.0
1401308774,607984.0893187021,5.772120332903918e6,0.0,Inf,Inf,1839.0,2058.0,2318.0,2416.0,2497.0,2557.0
9723494061,607994.3749175412,5.77216084587153e6,0.0,Inf,2304.460698589221,Inf,Inf,Inf,Inf,Inf,42188.0
1401308777,608002.015200557,5.7721909202467725e6,0.0,Inf,1992.1024232241064,2304.0,2493.0,2533.0,2576.0,2634.0,2672.0
1401308778,608026.8170000637,5.772303382037387e6,0.0,Inf,Inf,1992.0,2174.0,2370.0,2477.0,2545.0,2604.0
9723494060,608036.0027919655,5.7723553650981635e6,0.0,Inf,2921.242843354052,Inf,Inf,Inf,Inf,Inf,Inf
1401308781,608041.465251829,5.772386282392507e6,0.0,Inf,3044.9348890586134,2921.0,3340.0,3294.0,3260.0,3238.0,3224.0
1401308783,608053.7970707424,5.7724647374548875e6,0.0,41915.0,Inf,3045.0,3084.0,3258.0,3255.0,3277.0,3297.0
9723494058,608065.1816002926,5.7725530191021245e6,0.0,46490.0,16645.988438717384,Inf,Inf,43764.0,33805.0,27785.0,23727.0
9723494054,608065.9913596,5.772559278765509e6,0.0,45562.0,259.29030569483825,16646.0,11058.0,8674.0,7490.0,6727.0,6167.0
1401308786,608067.3929381887,5.772570157735174e6,0.0,Inf,Inf,259.0,1382.0,2301.0,2611.0,2758.0,2850.0
9723494053,608067.8970823252,5.772575342597043e6,0.0,Inf,Inf,Inf,Inf,Inf,Inf,Inf,Inf
9723494049,608080.9842877032,5.7727101263525095e6,0.0,Inf,349.72894079293,Inf,Inf,Inf,Inf,Inf,Inf
1401308790,608082.2834399773,5.772723506610201e6,0.0,Inf,Inf,350.0,1080.0,1505.0,1747.0,1904.0,2060.0
9723494044,608083.3348446502,5.772750177875272e6,0.0,Inf,4464.420008183937,Inf,Inf,Inf,Inf,Inf,Inf
1401308791,608084.6069015923,5.772782461788354e6,0.0,Inf,3427.3600462837326,4464.0,4629.0,4230.0,3915.0,3738.0,3620.0
1401308792,608087.0927782223,5.772884703327353e6,0.0,4099.0,4406.626515589739,3427.0,3545.0,3756.0,3735.0,3628.0,3564.0
3081726457,608087.2299571726,5.772926631677829e6,0.0,Inf,Inf,4407.0,4411.0,4258.0,4143.0,4037.0,3905.0
9723494041,608087.1269411233,5.772950919004905e6,0.0,Inf,1995.5347575715043,Inf,Inf,Inf,45915.0,37464.0,31799.0
1401308793,608086.9929856432,5.772981358720909e6,0.0,Inf,2855.447201840329,1996.0,2350.0,2654.0,2824.0,2929.0,3008.0
1401308794,608085.9503071104,5.773026176626426e6,0.0,3589.0,5915.669844831301,2855.0,2934.0,2941.0,2972.0,3023.0,3042.0
3081659495,608083.7293654919,5.773080749287723e6,0.0,3244.0,959.4899231434753,5916.0,4635.0,4076.0,3817.0,3638.0,3514.0
1401308796,608081.6340521332,5.773123552641684e6,0.0,7575.0,15850.409142632367,959.0,1381.0,1822.0,2012.0,2130.0,2251.0
9723494039,608080.5542004514,5.773137292890984e6,0.0,24126.0,Inf,15850.0,9283.0,7062.0,5949.0,5323.0,4917.0
9723494038,608079.7364779537,5.773147800970084e6,0.0,24404.0,1794.491849124435,Inf,29870.0,20747.0,16272.0,13600.0,11820.0
1401308797,608075.6309763659,5.7732001741010845e6,0.0,20021.0,2702.7157021637527,1794.0,2048.0,2315.0,2444.0,2535.0,2624.0
1401325989,608069.428628667,5.773256963468525e6,0.0,4925.0,10277.80233407881,2703.0,2865.0,2952.0,3015.0,3062.0,3088.0
1401325991,608049.1246578572,5.773395717178252e6,0.0,5083.0,2269.7867380524062,10278.0,7571.0,6450.0,5891.0,5550.0,5218.0
1401325992,608035.9219884076,5.77347952585894e6,0.0,Inf,Inf,2270.0,3069.0,3445.0,3576.0,3546.0,3540.0
9723494034,608023.947790237,5.773542131523218e6,0.0,Inf,4582.770290842104,Inf,Inf,Inf,Inf,Inf,Inf
1401326005,608020.7013495322,5.773559095962396e6,0.0,Inf,Inf,4583.0,5956.0,4930.0,4588.0,4451.0,4395.0
1401326008,608002.6907460697,5.773647573616173e6,0.0,19205.0,441.0185914189571,Inf,26915.0,18675.0,14806.0,12682.0,11424.0
9723494029,608002.3607383297,5.773649202071833e6,0.0,18131.0,1361.5394751648014,441.0,1044.0,1607.0,2231.0,2832.0,3371.0
1401326013,607986.739050424,5.773705953822663e6,0.0,Inf,Inf,1362.0,1922.0,4408.0,5927.0,6798.0,7049.0
9723494026,607979.0903681368,5.773737910469115e6,0.0,Inf,4516.728649268557,Inf,Inf,Inf,Inf,Inf,Inf
1401326014,607964.018764757,5.773800905179103e6,0.0,Inf,Inf,4517.0,7149.0,16028.0,20282.0,19171.0,18674.0
9723494024,607929.647658449,5.773931698670669e6,0.0,Inf,Inf,Inf,Inf,Inf,Inf,Inf,Inf
9723494022,607878.8711542821,5.7741249131388385e6,0.0,Inf,Inf,Inf,Inf,Inf,Inf,Inf,Inf
1485551268,607842.0101009114,5.774265188692564e6,0.0,Inf,Inf,Inf,Inf,Inf,Inf,Inf,Inf
1485551270,607837.6265824303,5.774281872650491e6,0.0,Inf,Inf,Inf,Inf,Inf,Inf,Inf,Inf
9723494017,607827.0453171993,5.774322133152238e6,0.0,Inf,Inf,Inf,Inf,Inf,Inf,Inf,Inf
1401326017,607789.5972076874,5.774464643896673e6,0.0,Inf,Inf,Inf,Inf,Inf,Inf,Inf,Inf
9723471315,607776.8740106988,5.774513358835755e6,0.0,Inf,Inf,Inf,Inf,Inf,Inf,Inf,Inf
9723471313,607726.0889582213,5.774707776138372e6,0.0,Inf,Inf,Inf,Inf,Inf,Inf,Inf,Inf
9723471311,607675.5236134205,5.77490138639695e6,0.0,Inf,Inf,Inf,Inf,Inf,Inf,Inf,Inf
9723471309,607625.0746113657,5.775094532294748e6,0.0,Inf,42777.43426870094,Inf,Inf,Inf,Inf,Inf,Inf
1401326019,607584.7192099952,5.7752490538618555e6,0.0,Inf,Inf,42777.0,Inf,Inf,Inf,Inf,Inf
9723471307,607574.2761434211,5.77528942908364e6,0.0,Inf,Inf,Inf,Inf,Inf,Inf,Inf,Inf
10180542107,607562.9661059671,5.775333156945638e6,0.0,Inf,Inf,Inf,Inf,Inf,Inf,Inf,Inf
9723471304,607529.551565973,5.775462404649807e6,0.0,Inf,Inf,Inf,Inf,Inf,Inf,Inf,Inf
10180542105,607477.1239814903,5.7756651669876e6,0.0,Inf,Inf,Inf,Inf,Inf,Inf,Inf,Inf
9723471302,607474.9641264111,5.775673509794147e6,0.0,Inf,Inf,Inf,Inf,Inf,Inf,Inf,Inf
9723471296,607374.6802813073,5.776061365403118e6,0.0,Inf,22824.487986223467,Inf,Inf,Inf,Inf,Inf,Inf
3091686674,607373.0438961983,5.776067683376901e6,0.0,Inf,15413.82126275722,22824.0,Inf,Inf,Inf,Inf,Inf
1401326026,607332.9758758488,5.776224772047172e6,0.0,26793.0,42140.95859408793,15414.0,16025.0,43532.0,Inf,Inf,Inf
9723471299,607324.377143888,5.776257610290783e6,0.0,Inf,Inf,42141.0,39809.0,39476.0,Inf,Inf,Inf
9723471291,607322.5860745847,5.776264436764746e6,0.0,Inf,Inf,Inf,Inf,Inf,Inf,Inf,Inf
9723471288,607272.013064658,5.776457494041926e6,0.0,Inf,21349.316203244667,Inf,Inf,Inf,Inf,Inf,Inf
9723471290,607271.3193359729,5.776460127213224e6,0.0,33511.0,7046.648539461679,21349.0,29251.0,24946.0,21620.0,19730.0,17934.0
1401326028,607256.4674322808,5.776516830795864e6,0.0,10459.0,2980.329875615527,7047.0,6039.0,6552.0,6653.0,6492.0,6572.0
3091686352,607240.2471579363,5.7765766648535e6,0.0,3774.0,1295.5339099193739,2980.0,2931.0,2914.0,3264.0,3509.0,3642.0
1401326034,607224.81599441,5.776629461668205e6,0.0,Inf,Inf,1296.0,1628.0,1881.0,2101.0,2411.0,2594.0
9723471287,607215.0027067948,5.776659303027766e6,0.0,49735.0,1966.4375354519054,Inf,Inf,Inf,38454.0,31294.0,26632.0
1401326037,607207.8715257277,5.77668100192343e6,0.0,Inf,9693.167282485958,1966.0,3145.0,2989.0,2874.0,2816.0,2764.0
1401326042,607185.9720398709,5.776742905510984e6,0.0,4197.0,931.4064334681963,9693.0,6662.0,5441.0,4735.0,4278.0,3969.0
3091686751,607169.2513469416,5.7767910904488e6,0.0,4510.0,2905.1396925835397,931.0,1380.0,1597.0,1728.0,1803.0,1862.0
1401326044,607150.8662973468,5.776836135180961e6,0.0,2169.0,2670.3791044019517,2905.0,2383.0,2279.0,2218.0,2197.0,2192.0
3091686360,607131.7498225896,5.776880819268136e6,0.0,2374.0,1547.9054328169752,2670.0,2459.0,2254.0,2192.0,2174.0,2178.0
1401326050,607110.0165398531,5.776929063157832e6,0.0,1869.0,1389.0880844508454,1548.0,1616.0,1713.0,1770.0,1841.0,1915.0
3091686874,607083.5204655079,5.776982589752812e6,0.0,Inf,Inf,1389.0,1558.0,1735.0,1871.0,1970.0,2036.0
9723471284,607065.6683191055,5.77701568506404e6,0.0,Inf,5875.11461343109,Inf,Inf,Inf,Inf,Inf,Inf
1401326054,607051.5321845979,5.777041895226917e6,0.0,Inf,2796.6316364669256,5875.0,5513.0,5119.0,4643.0,4280.0,3994.0
3091686687,607028.1326892043,5.777084595809915e6,0.0,4417.0,4577.82698683231,2797.0,4239.0,4399.0,4129.0,3833.0,3615.0
1401326056,607000.0009240353,5.777133714766071e6,0.0,2628.0,510.8127600511998,4578.0,5479.0,4765.0,4249.0,3913.0,3647.0
3091686718,606976.6046313155,5.777175670149246e6,0.0,37199.0,Inf,511.0,990.0,1232.0,1372.0,1484.0,1590.0
9723471282,606967.749477309,5.777189432264079e6,0.0,36129.0,1367.7828304191512,Inf,Inf,36430.0,27759.0,22598.0,19243.0
1401326057,606942.459999164,5.777228709990412e6,0.0,36245.0,858.6387117182992,1368.0,1416.0,1418.0,1508.0,1682.0,1923.0
1401326060,606906.3866604618,5.777280095155036e6,0.0,12629.0,35661.68299218059,859.0,1255.0,1547.0,1826.0,2181.0,2415.0
1401326063,606899.0538891279,5.777289628637518e6,0.0,Inf,Inf,35662.0,19240.0,14031.0,11818.0,10283.0,9314.0
9723471273,606848.5815660419,5.777355068788711e6,0.0,Inf,Inf,Inf,Inf,Inf,Inf,Inf,Inf
1401326065,606814.4080197415,5.777399385499926e6,0.0,Inf,Inf,Inf,Inf,Inf,Inf,Inf,Inf
9723471272,606727.5734602279,5.777512078599742e6,0.0,Inf,Inf,Inf,Inf,Inf,Inf,Inf,Inf
9723471269,606609.3470927483,5.777665512442451e6,0.0,Inf,8533.450048130502,Inf,Inf,Inf,Inf,Inf,Inf
1401376839,606597.8185143454,5.777680475074963e6,0.0,Inf,16156.222633929157,8533.0,13917.0,18243.0,21948.0,26179.0,31930.0
1401376840,606520.0042165006,5.777779712774816e6,0.0,Inf,Inf,16156.0,18221.0,21276.0,26374.0,37290.0,Inf
3095468573,606482.4585901649,5.7778270302128745e6,0.0,Inf,5281.630887442832,Inf,Inf,Inf,Inf,Inf,Inf
1401376858,606437.7929757155,5.7778833302550595e6,0.0,Inf,Inf,5282.0,8057.0,10784.0,12438.0,20596.0,30942.0
9723471261,606418.5948278762,5.777908020454527e6,0.0,Inf,3748.7427049365056,Inf,Inf,Inf,Inf,Inf,Inf
1401376862,606389.0623949592,5.777945997020007e6,0.0,Inf,Inf,3749.0,6457.0,9553.0,11560.0,14834.0,18300.0
9723471255,606359.4865259309,5.777985063229321e6,0.0,Inf,4992.1091373675845,Inf,Inf,Inf,Inf,Inf,Inf
1401376867,606294.2847988742,5.778071177926339e6,0.0,Inf,5654.671838019282,4992.0,6433.0,10012.0,14777.0,26032.0,48948.0
1401376871,606251.0188049948,5.778126252178454e6,0.0,Inf,Inf,5655.0,26919.0,32641.0,38502.0,44178.0,Inf
9723471254,606237.2120623726,5.778144126515979e6,0.0,Inf,Inf,Inf,Inf,Inf,Inf,Inf,Inf
1401376875,606200.3830731511,5.778191795062991e6,0.0,Inf,15201.43819710405,Inf,Inf,Inf,Inf,Inf,Inf
1401376894,606154.2693450875,5.778251448986478e6,0.0,Inf,Inf,15201.0,28019.0,33350.0,Inf,Inf,Inf
9723471251,606115.0523648983,5.778301704069809e6,0.0,Inf,Inf,Inf,Inf,Inf,Inf,Inf,Inf
9723471248,606004.0143202377,5.778444011363789e6,0.0,Inf,46201.35730918462,Inf,Inf,Inf,Inf,Inf,Inf
9723471247,605996.9556006554,5.778453051231622e6,0.0,Inf,8380.559898060757,46201.0,Inf,Inf,Inf,Inf,Inf
9723471244,605995.3580534352,5.778455097799455e6,0.0,19707.0,4538.11291700985,8381.0,6616.0,8218.0,9963.0,11606.0,12976.0
1401376900,605991.7054086352,5.778459782004987e6,0.0,13714.0,28222.437572438932,4538.0,6123.0,7615.0,9382.0,10698.0,12124.0
1401376911,605871.6840190549,5.778621160428446e6,0.0,Inf,Inf,28222.0,32750.0,37620.0,37889.0,34960.0,33828.0
9723471241,605754.2824087566,5.778781373418942e6,0.0,Inf,1336.0880021067735,Inf,Inf,Inf,Inf,Inf,Inf
1401376942,605653.5811463192,5.778918789961055e6,0.0,Inf,189.92392396642643,1336.0,7046.0,17954.0,28918.0,35060.0,39638.0
1401376956,605647.0998979734,5.778926485134262e6,0.0,Inf,Inf,190.0,6874.0,20226.0,27559.0,32775.0,39098.0
9723471240,605635.6158537635,5.778942518934952e6,0.0,Inf,35192.820139539974,Inf,Inf,Inf,Inf,Inf,Inf
9723471239,605518.8880275234,5.77910554417749e6,0.0,Inf,25166.01199718301,35193.0,Inf,Inf,Inf,Inf,Inf
1401377026,605363.7446064635,5.779319227840114e6,0.0,23573.0,10360.344275683796,25166.0,Inf,Inf,Inf,Inf,Inf
1401377067,605291.12974942,5.7794208858211115e6,0.0,12472.0,1890.9048772229035,10360.0,12331.0,13748.0,12782.0,11589.0,10798.0
1401377073,605252.9802151963,5.7794732727727955e6,0.0,7770.0,11060.233410612876,1891.0,3019.0,3831.0,4131.0,4202.0,4223.0
1401377099,605221.0237380541,5.779514419931451e6,0.0,4548.0,692.0945575702389,11060.0,6616.0,5093.0,4582.0,4396.0,4252.0
1401377105,605192.3811274669,5.779551643082623e6,0.0,4179.0,786.0976141497416,692.0,844.0,981.0,1134.0,1379.0,1629.0
1401377113,605158.5753623307,5.779589680472799e6,0.0,2465.0,5915.596697011568,786.0,876.0,957.0,1022.0,1109.0,1266.0
1401377134,605121.7536932685,5.779626029703298e6,0.0,2543.0,928.2893053184233,5916.0,3789.0,2938.0,2513.0,2263.0,2124.0
1401377144,605085.7984047795,5.7796609177029105e6,0.0,2524.0,728.3890905589435,928.0,1092.0,1106.0,1097.0,1103.0,1111.0
9289127120,605070.4158992425,5.779674744972883e6,0.0,678.0,378.00841122308293,728.0,738.0,845.0,911.0,938.0,968.0
1401377147,605053.6847739699,5.7796889220390525e6,0.0,1206.0,2511.743652648159,378.0,607.0,720.0,804.0,868.0,909.0
1401377167,605046.8100096949,5.779694284152439e6,0.0,1458.0,1484.1692501201233,2512.0,1980.0,1668.0,1517.0,1448.0,1401.0
9289127117,605023.166531833,5.779713021529036e6,0.0,1575.0,728.8220395598322,1484.0,1306.0,1282.0,1262.0,1236.0,1229.0
9289127118,604998.5384728801,5.77973172705148e6,0.0,3489.0,8252.986234447848,729.0,930.0,1034.0,1083.0,1108.0,1116.0
6187578182,604957.2929429339,5.779759594382794e6,0.0,3346.0,1055.0174111032231,8253.0,5049.0,3905.0,3336.0,2978.0,2733.0
1401377177,604921.4067772543,5.779783547546436e6,0.0,3730.0,1880.7440458203737,1055.0,1337.0,1394.0,1415.0,1453.0,1485.0
6725028747,604893.1871158753,5.779800942572999e6,0.0,1735.0,2270.452745602288,1881.0,1695.0,1762.0,1789.0,1798.0,1828.0
6723401333,604888.9589087848,5.779803490188041e6,0.0,2191.0,2420.8707659857537,2270.0,2810.0,2537.0,2452.0,2389.0,2326.0
1401377184,604883.2816050268,5.779806930680716e6,0.0,3300.0,5209.982205240131,2421.0,3836.0,3541.0,3238.0,3060.0,2890.0
6723401331,604877.1403786313,5.779810628411461e6,0.0,3238.0,2084.1402790053753,5210.0,3995.0,3727.0,3510.0,3235.0,3076.0
1401377195,604853.5828930545,5.779824706342801e6,0.0,3940.0,4525.783226764917,2084.0,2426.0,2474.0,2411.0,2415.0,2437.0
1401377205,604814.2365197272,5.779847296447204e6,0.0,2684.0,1441.1076456702604,4526.0,3643.0,3141.0,2942.0,2913.0,3022.0
1401377216,604768.0953527426,5.779873125848919e6,0.0,2333.0,1033.324673038479,1441.0,1500.0,1696.0,1939.0,2280.0,2695.0
1401377234,604739.6224772187,5.779887979512011e6,0.0,Inf,Inf,1033.0,1497.0,1941.0,2467.0,3085.0,3946.0
8689856463,604698.9915829436,5.779907283299001e6,0.0,Inf,11153.36847588801,Inf,Inf,Inf,Inf,Inf,Inf
1401377241,604619.341353717,5.779945124709111e6,0.0,Inf,2243.747692242224,11153.0,8495.0,7451.0,7260.0,7394.0,7546.0
1401377245,604548.187258782,5.779979585883635e6,0.0,4832.0,1099.6587153798125,2244.0,2339.0,2405.0,2493.0,2672.0,2838.0
1401377251,604479.3203732992,5.780015965470229e6,0.0,1999.0,2652.7902521761853,1100.0,1311.0,1484.0,1621.0,1729.0,1837.0
4993008716,604440.0644657585,5.780039617364827e6,0.0,1682.0,1293.0840600936476,2653.0,2115.0,1977.0,1949.0,1946.0,1951.0
1401377262,604395.8849917462,5.780067360661688e6,0.0,Inf,Inf,1293.0,1632.0,1634.0,1641.0,1662.0,1680.0
4993008715,604373.5354884728,5.780082367457356e6,0.0,Inf,1026.2905149896035,Inf,Inf,Inf,Inf,Inf,43609.0
1401377269,604348.7012426191,5.780099046702182e6,0.0,Inf,1780.58800855868,1026.0,1285.0,1363.0,1405.0,1422.0,1437.0
1401377275,604312.3103525889,5.780125463574891e6,0.0,1316.0,1141.2175519290267,1781.0,1608.0,1548.0,1517.0,1506.0,1498.0
1401377277,604247.3177487821,5.780176292075243e6,0.0,1359.0,1154.3584502973945,1141.0,1187.0,1203.0,1228.0,1254.0,1278.0
1401377282,604209.7620964946,5.780209349982704e6,0.0,1168.0,1209.3028368513787,1154.0,1156.0,1194.0,1223.0,1249.0,1267.0
1401377296,604176.9218409107,5.780240760309645e6,0.0,1552.0,2292.7837299115095,1209.0,1284.0,1300.0,1318.0,1322.0,1325.0
3149409197,604151.0482320164,5.780267254523006e6,0.0,1638.0,1411.0984652918912,2293.0,1952.0,1801.0,1691.0,1622.0,1575.0
1401377299,604118.8970363971,5.780301405676236e6,0.0,1744.0,1529.0013428643147,1411.0,1479.0,1456.0,1433.0,1414.0,1410.0
1401377305,604073.9213074178,5.780353279553731e6,0.0,1296.0,947.0392282090504,1529.0,1410.0,1377.0,1366.0,1376.0,1387.0
1401393002,604030.6520343071,5.780408004606089e6,0.0,1293.0,1403.3985290954586,947.0,1045.0,1107.0,1178.0,1238.0,1277.0
1401393004,603991.1385837108,5.780466391478819e6,0.0,1289.0,1517.3393462264778,1403.0,1342.0,1386.0,1430.0,1457.0,1484.0
1401393006,603958.8635037433,5.780519300310306e6,0.0,2569.0,4786.7790783947985,1517.0,1711.0,1747.0,1741.0,1744.0,1749.0
1401393008,603919.0479127408,5.78059219035384e6,0.0,3406.0,3914.1715439929912,4787.0,4018.0,3560.0,3243.0,3012.0,2847.0
1401393009,603871.4231094961,5.780683554064939e6,0.0,3513.0,1837.2879969984506,3914.0,3990.0,3800.0,3534.0,3302.0,3121.0
1401393011,603842.6021241484,5.780741865512878e6,0.0,11383.0,28397.947895847403,1837.0,2617.0,2706.0,2694.0,2655.0,2602.0
8689856472,603840.4755340958,5.780746382863749e6,0.0,10478.0,1198.5592263033934,28398.0,15290.0,11012.0,8918.0,7657.0,6785.0
1401393017,603818.3694301633,5.780793463718122e6,0.0,10824.0,2876.0603426312427,1199.0,1388.0,1557.0,1727.0,1854.0,1954.0
1401393021,603799.3142653416,5.78083895065569e6,0.0,2119.0,2282.349553548122,2876.0,2456.0,2357.0,2289.0,2302.0,2333.0
1401393022,603777.0685431662,5.780895030099609e6,0.0,Inf,Inf,2282.0,2540.0,2392.0,2382.0,2373.0,2375.0
8689856473,603762.945390336,5.780933065452886e6,0.0,Inf,1188.8782389094179,Inf,Inf,Inf,Inf,40592.0,34223.0
1401393026,603755.3689233153,5.780953479875475e6,0.0,Inf,39512.2307648746,1189.0,1776.0,2013.0,2132.0,2182.0,2338.0
1401393029,603729.3360680186,5.7810346484528e6,0.0,14666.0,3295.5517371043293,39512.0,23478.0,17032.0,13506.0,11582.0,10255.0
1401393030,603708.1534670154,5.7811011425622795e6,0.0,14348.0,236.53783554223781,3296.0,2871.0,2723.0,3146.0,3350.0,3580.0
1860777405,603705.5463314445,5.781109677712497e6,0.0,Inf,Inf,237.0,919.0,2258.0,2874.0,3402.0,3679.0
1860777407,603702.838824407,5.781120068892249e6,0.0,Inf,25443.791043164827,Inf,Inf,Inf,Inf,Inf,Inf
1401393031,603683.2390904978,5.781195308247498e6,0.0,Inf,27708.65558564927,25444.0,25909.0,40005.0,33777.0,29271.0,33209.0
1401393032,603622.4321859848,5.781422976409116e6,0.0,30804.0,39258.119196385866,27709.0,38337.0,44147.0,49395.0,Inf,Inf
2329485359,603620.4535626074,5.781430256308896e6,0.0,23919.0,4790.613628041667,39258.0,Inf,Inf,Inf,Inf,Inf
99185581,603590.4629990873,5.781541284260551e6,0.0,14802.0,358.3026782913907,4791.0,Inf,Inf,Inf,Inf,Inf
6779354037,603589.0853446762,5.781546651839074e6,0.0,Inf,Inf,358.0,Inf,Inf,Inf,Inf,Inf
313507666,603586.6449042422,5.781555413055758e6,0.0,Inf,Inf,Inf,Inf,Inf,Inf,Inf,Inf
1401393066,602869.7704405294,5.78421806656437e6,0.0,Inf,3570.0926644543083,Inf,Inf,Inf,Inf,Inf,Inf
1401393067,602835.2421694979,5.784348586914419e6,0.0,Inf,3901.385246871258,3570.0,21069.0,23622.0,23928.0,24141.0,23835.0
1401393069,602818.5768883686,5.784419940230441e6,0.0,2951.0,1381.683025284067,3901.0,3378.0,8916.0,11780.0,13116.0,13846.0
1401393071,602809.1382338967,5.784463293496465e6,0.0,2498.0,2212.2643729259084,1382.0,1667.0,2083.0,5741.0,7684.0,8592.0
6187578181,602799.3651515918,5.784517499307617e6,0.0,1722.0,1571.9880566696233,2212.0,3234.0,3187.0,3120.0,4961.0,5949.0
1401393080,602793.4826381437,5.78455455090288e6,0.0,1588.0,979.3927317551208,1572.0,6148.0,5292.0,4643.0,4237.0,5131.0
1401393081,602784.6766261854,5.784601700348177e6,0.0,1414.0,1691.9366507094296,979.0,1386.0,1649.0,1784.0,1877.0,1958.0
1401393084,602778.4214518114,5.784647166992626e6,0.0,1592.0,2104.5645280795397,1692.0,1635.0,1741.0,1840.0,1906.0,1957.0
529377190,602774.0673532553,5.784686019433008e6,0.0,2022.0,2270.5512598785635,2105.0,2088.0,2027.0,2037.0,2061.0,2086.0
1258965608,602766.5382919164,5.784780049120093e6,0.0,2185.0,2179.340037271212,2271.0,2247.0,2230.0,2191.0,2190.0,2197.0
529377191,602762.9197162468,5.784874404728102e6,0.0,2274.0,2371.2943956854897,2179.0,2212.0,2205.0,2221.0,2215.0,2230.0
1258965320,602763.1179253939,5.784957445982018e6,0.0,2162.0,1934.3847907531542,2371.0,2272.0,2294.0,2296.0,2315.0,2349.0
529377192,602766.0349057731,5.785036949788792e6,0.0,9582.0,24441.28050962922,1934.0,2189.0,2236.0,2294.0,2376.0,2432.0
529377195,602775.6872404852,5.785148626594518e6,0.0,9174.0,1146.8371522931895,24441.0,13628.0,10046.0,8317.0,7266.0,6578.0
529377194,602779.6695777137,5.785196530991392e6,0.0,12780.0,12753.124463440401,1147.0,1958.0,2439.0,2667.0,2802.0,2877.0
529377196,602793.9447152283,5.785293249633172e6,0.0,25383.0,Inf,12753.0,9668.0,8325.0,7476.0,6879.0,6477.0
4211152258,602809.9881641507,5.78539629154111e6,0.0,29230.0,12687.874949094654,Inf,Inf,Inf,Inf,46462.0,39863.0
529377201,602827.8936165485,5.785512657271179e6,0.0,25542.0,1689.3618972330776,12688.0,12836.0,13990.0,14385.0,14059.0,13467.0
529377202,602831.0951956215,5.785534253572229e6,0.0,6040.0,3744.01126624375,1689.0,4072.0,10262.0,15960.0,16883.0,16972.0
4211152259,602841.5334472768,5.785594442297161e6,0.0,4692.0,8642.862795072624,3744.0,6917.0,Inf,Inf,Inf,Inf
1256291771,602844.8418236355,5.785614839166373e6,0.0,16011.0,35645.14198814417,8643.0,9475.0,14313.0,Inf,Inf,Inf
1256291888,602857.4137586078,5.785695355920299e6,0.0,27735.0,38915.813715671095,35645.0,48569.0,47892.0,Inf,Inf,Inf
4211152260,602872.8257802883,5.78579245463014e6,0.0,33493.0,25919.02152912782,38916.0,Inf,Inf,Inf,Inf,Inf
1256291861,602883.0372897378,5.785855932247687e6,0.0,22115.0,1511.664649553847,25919.0,35992.0,30548.0,28736.0,27221.0,29532.0
1256292004,602907.9058457593,5.786014924273587e6,0.0,10066.0,2766.648562608186,1512.0,4454.0,6927.0,8671.0,14306.0,23116.0
4211152261,602908.0420670751,5.786016262289427e6,0.0,2589.0,3487.6766039094196,2767.0,5916.0,7266.0,13669.0,28774.0,Inf
529377203,602928.8110845061,5.786174457218533e6,0.0,2218.0,399.90497642291587,3488.0,3662.0,8708.0,14356.0,17745.0,20662.0
529377205,602933.9015861063,5.786206396086372e6,0.0,2028.0,2195.016968740485,400.0,4536.0,7134.0,10409.0,13197.0,16512.0
4211152262,602934.1159635718,5.786208247549641e6,0.0,26942.0,Inf,2195.0,37555.0,28623.0,24128.0,23431.0,27364.0
4211152264,602962.7191367389,5.786388580539697e6,0.0,27542.0,2199.5005754826107,Inf,48357.0,38603.0,32607.0,33020.0,40116.0
4211152265,602994.5372254183,5.78658605996347e6,0.0,27142.0,995.1030764336251,2200.0,3281.0,4217.0,19446.0,42685.0,Inf
9145000776,603002.5131873725,5.786622798894172e6,0.0,1107.0,125.67798263845441,995.0,6382.0,8183.0,12713.0,16260.0,48952.0
9145000783,603004.6520475298,5.786633969953155e6,0.0,1356.0,2947.5244521732184,126.0,724.0,5026.0,10007.0,15467.0,27959.0
9145000778,603005.5460499639,5.7866419106639745e6,0.0,4219.0,9582.490576615324,2948.0,11078.0,8983.0,12912.0,29427.0,41798.0
4211152266,603024.0262306054,5.786776448156247e6,0.0,Inf,Inf,9582.0,9801.0,11698.0,42690.0,Inf,Inf
8689092881,603057.2170993956,5.786989111232769e6,0.0,Inf,16357.525842045248,Inf,Inf,Inf,Inf,Inf,Inf
1746191154,603062.6370866556,5.78702383883387e6,0.0,Inf,Inf,16358.0,Inf,Inf,Inf,Inf,Inf
4211152267,603085.3244210886,5.78716420565026e6,0.0,Inf,Inf,Inf,Inf,Inf,Inf,Inf,Inf
740063497,603174.1912505098,5.78771956034657e6,0.0,Inf,46217.45861793983,Inf,Inf,Inf,Inf,Inf,Inf
8726318265,603194.206312503,5.787849135159324e6,0.0,Inf,47974.06530212918,46217.0,Inf,Inf,Inf,Inf,Inf
4149583303,603220.3588195858,5.788014888315282e6,0.0,47473.0,48228.136562218475,47974.0,Inf,Inf,Inf,Inf,Inf
4149583304,603227.7798432523,5.788062620463406e6,0.0,Inf,Inf,48228.0,Inf,Inf,Inf,Inf,Inf
529377208,603252.2021077246,5.788217533890625e6,0.0,Inf,12663.951130985293,Inf,Inf,Inf,Inf,Inf,Inf
1828908971,603259.3134250727,5.788262722793154e6,0.0,Inf,1871.251547432617,12664.0,21626.0,25713.0,26190.0,25632.0,26065.0
4211152268,603267.3530673835,5.788315141131129e6,0.0,6374.0,4586.775273929334,1871.0,10404.0,12028.0,11914.0,11914.0,11532.0
529379374,603267.3886990717,5.788315397786803e6,0.0,3331.0,3535.7997339858844,4587.0,7358.0,7240.0,7458.0,7198.0,7221.0
529379375,603282.091734908,5.788413485330877e6,0.0,3013.0,915.7475467279138,3536.0,3022.0,2942.0,2815.0,2917.0,2961.0
1166189597,603287.92460525,5.78845869212824e6,0.0,2189.0,2115.024812708632,916.0,1292.0,1327.0,1411.0,1474.0,1597.0
1828271083,603290.1219587905,5.788483016272768e6,0.0,1206.0,587.15674083304,2115.0,1543.0,1479.0,1425.0,1419.0,1430.0
529379377,603292.0279975095,5.788507223072264e6,0.0,3663.0,8287.428843169857,587.0,737.0,796.0,883.0,933.0,994.0
4211152269,603293.0077365923,5.788543405028741e6,0.0,3091.0,399.5171891954897,8287.0,4653.0,3429.0,2815.0,2487.0,2284.0
1828271231,603293.4639969412,5.788558524499649e6,0.0,3310.0,1244.3596160983288,400.0,633.0,716.0,791.0,862.0,943.0
1828271323,603292.9285722431,5.788584171300987e6,0.0,902.0,1062.2572459076969,1244.0,1071.0,1109.0,1161.0,1220.0,1271.0
529379378,603291.8694822587,5.788609707031227e6,0.0,2028.0,3777.689722850226,1062.0,1388.0,1515.0,1629.0,1718.0,1820.0
1828271507,603289.8355581076,5.788639728691462e6,0.0,2767.0,3460.9854482879587,3778.0,4887.0,5232.0,5355.0,5400.0,5532.0
529379379,603288.040160228,5.78866977758604e6,0.0,2810.0,1192.4699727624125,3461.0,13451.0,13873.0,13285.0,12374.0,11333.0
1828271681,603284.4404308848,5.788720161654242e6,0.0,1986.0,1305.0740253436145,1192.0,1481.0,1604.0,1678.0,1697.0,1695.0
1828271718,603283.443659722,5.7887453315122e6,0.0,1121.0,866.2012895778753,1305.0,1224.0,1229.0,1219.0,1215.0,1218.0
529379380,603282.9342154422,5.788770389151734e6,0.0,937.0,640.7942401873707,866.0,863.0,863.0,873.0,885.0,898.0
1828271777,603283.1747075224,5.788796497223797e6,0.0,719.0,651.4384423099191,641.0,661.0,673.0,689.0,707.0,722.0
1166189498,603284.4807706027,5.788822605289452e6,0.0,618.0,562.4314833514438,651.0,638.0,634.0,636.0,644.0,656.0
529379381,603288.9675645152,5.788865836874823e6,0.0,582.0,532.224195298036,562.0,567.0,571.0,576.0,585.0,596.0
1166189357,603294.7174835628,5.788898947362531e6,0.0,551.0,558.7461619080726,532.0,540.0,548.0,562.0,570.0,578.0
1828271992,603300.336477725,5.788923276220855e6,0.0,564.0,602.0641129797913,559.0,562.0,578.0,584.0,588.0,592.0
529379382,603307.2126914621,5.788947909507411e6,0.0,754.0,1100.6118991541202,602.0,647.0,642.0,635.0,630.0,627.0
1828908988,603320.9416246593,5.788988151933746e6,0.0,696.0,383.93430858362296,1101.0,915.0,836.0,789.0,756.0,732.0
529379383,603336.4720515906,5.789028465418704e6,0.0,797.0,905.2141766988443,384.0,467.0,507.0,527.0,541.0,550.0
1828909007,603348.077052956,5.789051995882382e6,0.0,650.0,662.3191226009188,905.0,737.0,685.0,665.0,652.0,645.0
4211152272,603358.5494884128,5.789071864306003e6,0.0,640.0,351.2965132193705,662.0,625.0,607.0,602.0,603.0,603.0
1828909015,603368.4846534862,5.7890893293026285e6,0.0,681.0,1030.5333864112329,351.0,455.0,501.0,520.0,535.0,546.0
529379385,603379.6938035293,5.789106620666154e6,0.0,626.0,496.75422903597496,1031.0,842.0,773.0,738.0,710.0,692.0
529379386,603405.2814567138,5.789143472801767e6,0.0,868.0,1076.3908847582336,497.0,570.0,585.0,589.0,594.0,593.0
529379387,603418.7530919255,5.78916034423925e6,0.0,676.0,453.8536574628885,1076.0,859.0,782.0,742.0,714.0,697.0
1769081016,603437.5519455937,5.78918277916018e6,0.0,696.0,558.0266579517698,454.0,505.0,532.0,546.0,557.0,563.0
529379388,603449.9235170453,5.789196067163292e6,0.0,593.0,768.2220931923663,558.0,561.0,565.0,571.0,577.0,580.0
1769081021,603471.0372450707,5.78921688163686e6,0.0,574.0,396.3567175227155,768.0,683.0,655.0,642.0,632.0,627.0
529379389,603491.9674619612,5.789236012244458e6,0.0,3173.0,8355.420673438222,396.0,491.0,525.0,539.0,550.0,557.0
1769081033,603509.4726430523,5.78925006428507e6,0.0,3056.0,415.5576387389899,8355.0,4510.0,3216.0,2565.0,2172.0,1911.0
529379390,603524.0502360936,5.789261707398599e6,0.0,3122.0,594.487835583523,416.0,504.0,531.0,548.0,559.0,565.0
1769081044,603549.297007458,5.789279515518758e6,0.0,540.0,608.8760686522277,594.0,581.0,589.0,592.0,594.0,596.0
529379391,603575.3714690461,5.789295950273543e6,0.0,621.0,659.3046037705826,609.0,612.0,608.0,608.0,608.0,609.0
529379392,603630.656886102,5.789325136239657e6,0.0,618.0,584.9394038515567,659.0,646.0,637.0,631.0,630.0,629.0
1769081080,603657.6585901018,5.789337062322042e6,0.0,591.0,528.7330177273037,585.0,595.0,603.0,610.0,613.0,617.0
529379393,603685.3235154481,5.789347645005613e6,0.0,1166.0,2384.175282034467,529.0,567.0,593.0,604.0,613.0,623.0
4211152274,603706.3452345446,5.789354528031972e6,0.0,1172.0,603.4795768645536,2384.0,1576.0,1274.0,1126.0,1041.0,993.0
1769081100,603717.4107196693,5.789358064658679e6,0.0,1159.0,490.5953738028012,603.0,644.0,672.0,689.0,709.0,725.0
529379394,603750.5135924299,5.789367270767667e6,0.0,18232.0,Inf,491.0,595.0,665.0,726.0,766.0,791.0
5564781542,603773.9030236481,5.789372301089346e6,0.0,18292.0,785.2475160464595,Inf,27301.0,18577.0,14224.0,11611.0,9920.0
1769081113,603800.2843502009,5.789377961766777e6,0.0,19551.0,4266.428329603046,785.0,1097.0,1174.0,1231.0,1367.0,1468.0
529379395,603851.1300807233,5.789386239101062e6,0.0,5774.0,12271.359013363715,4266.0,3433.0,3204.0,3158.0,3174.0,3173.0
4211152276,603908.8390725937,5.789394872541087e6,0.0,9041.0,10585.118781929501,12271.0,11144.0,9625.0,8872.0,8166.0,7742.0
3962832715,603933.2016606405,5.789398433093234e6,0.0,10623.0,9011.561785137184,10585.0,13228.0,13511.0,12905.0,12707.0,11922.0
529379396,603960.7425543244,5.789402527885861e6,0.0,39976.0,Inf,9012.0,12744.0,19365.0,27950.0,27407.0,26204.0
4211152277,604109.1127726188,5.789423095126427e6,0.0,37132.0,2053.152125946469,Inf,Inf,42395.0,34285.0,29653.0,25892.0
529379397,604180.7318523079,5.7894331038493365e6,0.0,34626.0,1494.8127622056932,2053.0,2905.0,3194.0,3357.0,3333.0,3351.0
3841856580,604216.1024652198,5.789439000618056e6,0.0,1448.0,795.3053865513275,1495.0,1539.0,1915.0,1990.0,2039.0,2104.0
529411670,604251.4817911439,5.789445776835746e6,0.0,4792.0,12085.94398038671,795.0,954.0,1018.0,1185.0,1300.0,1381.0
1585644369,604263.5344151512,5.789448467625948e6,0.0,4506.0,637.0945711440366,12086.0,6480.0,4633.0,3751.0,3310.0,3021.0
1585644366,604274.376776548,5.78945089927123e6,0.0,4529.0,862.7965100254147,637.0,706.0,758.0,800.0,847.0,933.0
3935852355,604321.7136805858,5.789463892008037e6,0.0,2385.0,5655.0960615940185,863.0,923.0,930.0,920.0,915.0,926.0
529411672,604334.706777865,5.789467971395393e6,0.0,2375.0,607.4058106400271,5655.0,3359.0,2546.0,2128.0,1879.0,1714.0
3935852458,604351.7764781691,5.789473383011629e6,0.0,2296.0,626.1281055943407,607.0,676.0,725.0,753.0,770.0,778.0
1585644374,604369.728973602,5.7894796811992265e6,0.0,673.0,784.447556475155,626.0,648.0,686.0,720.0,734.0,745.0
529411679,604386.9234384749,5.789486297257393e6,0.0,832.0,1084.0255040306522,784.0,808.0,797.0,787.0,788.0,784.0
4211152278,604414.550603029,5.789497918086724e6,0.0,717.0,281.2180218941402,1084.0,1044.0,953.0,905.0,871.0,854.0
1585644380,604419.3454426324,5.789499844089056e6,0.0,636.0,542.9798188106597,281.0,479.0,566.0,602.0,626.0,641.0
529411680,604441.4283765672,5.78951009071392e6,0.0,660.0,1154.422986062428,543.0,581.0,609.0,635.0,648.0,658.0
1585644390,604467.1846177132,5.789523619517859e6,0.0,728.0,487.84268921312764,1154.0,926.0,857.0,818.0,797.0,782.0
529411686,604492.7004020863,5.789537855491416e6,0.0,1070.0,1567.3402523565883,488.0,598.0,622.0,637.0,647.0,655.0
542775894,604524.0142194228,5.789558244810736e6,0.0,826.0,423.8027726576871,1567.0,1140.0,1005.0,931.0,885.0,856.0
529411687,604552.2093858453,5.789577533628001e6,0.0,1116.0,1356.2500703950668,424.0,544.0,584.0,608.0,625.0,643.0
1585644398,604581.0188209008,5.7896010303804595e6,0.0,784.0,572.4435354434967,1356.0,1033.0,930.0,877.0,857.0,870.0
529411692,604608.8209504511,5.789624995582557e6,0.0,883.0,719.9065249347241,572.0,634.0,653.0,690.0,757.0,803.0
1585644415,604643.7712444367,5.789660038638306e6,0.0,20995.0,Inf,720.0,742.0,836.0,959.0,1028.0,1098.0
3038991888,604655.2709750038,5.789672688269484e6,0.0,47279.0,Inf,Inf,31781.0,21856.0,16851.0,13852.0,11825.0
1585644423,604666.5168873824,5.789685065516525e6,0.0,Inf,11737.346855976562,Inf,48724.0,33821.0,26103.0,21353.0,18124.0
529411695,604698.4450430415,5.789720234190221e6,0.0,Inf,Inf,11737.0,13067.0,12601.0,10583.0,9085.0,8008.0
3209856994,604775.3624991055,5.789806148170808e6,0.0,36738.0,3679.9834726693057,Inf,Inf,36349.0,28246.0,23297.0,19918.0
529431874,604788.8060516051,5.789821142556107e6,0.0,33114.0,866.6689999441651,3680.0,3575.0,3480.0,3424.0,3399.0,3359.0
529571541,604852.4054450296,5.789894391602306e6,0.0,2507.0,2975.405598972798,867.0,971.0,1225.0,1417.0,1571.0,1661.0
529431889,604877.3117524193,5.789928210974841e6,0.0,3289.0,6023.713213259835,2975.0,2218.0,2007.0,2042.0,2047.0,2138.0
1585644490,604894.9297085407,5.789952751947933e6,0.0,4065.0,3195.0616541488366,6024.0,8732.0,6542.0,5335.0,4785.0,4567.0
1585644493,604909.0821833786,5.789972279192273e6,0.0,17087.0,42041.053654375246,3195.0,9353.0,6977.0,5886.0,5485.0,5311.0
3634175069,604917.6514177314,5.789984255350831e6,0.0,15260.0,544.0725720274686,42041.0,21665.0,16447.0,23355.0,20025.0,18711.0
1585644494,604935.4005294584,5.79000903292837e6,0.0,14337.0,425.67004002215793,544.0,2146.0,4465.0,4635.0,4527.0,5018.0
1585644502,604958.7912185569,5.790046959755207e6,0.0,459.0,406.06405401481993,426.0,551.0,644.0,744.0,908.0,0.0
1585644531,604985.2880523322,5.790081380952937e6,0.0,634.0,1070.2010153267443,406.0,460.0,558.0,736.0,0.0,0.0
3209856999,605001.8590879813,5.790099535609049e6,0.0,862.0,1109.0012092666223,1070.0,1155.0,1217.0,0.0,0.0,0.0
52682701,605014.0139344533,5.790113401750094e6,0.0,Inf,Inf,1109.0,5239.0,0.0,0.0,0.0,0.0
3837560418,605034.3036282175,5.790135552117042e6,0.0,0.0,0.0,Inf,0.0,0.0,0.0,0.0,0.0
333163293,605117.7436717919,5.7902266174909985e6,0.0,0.0,0.0,0.0,0.0,0.0,0.0,0.0,0.0
